,index,id,attach_dist,is_attached,is_contained,is_matched,match_ids,match_overlaps,reco_primary_pix,reco_total_pix,reco_primary_deposition,reco_total_deposition,true_primary_pix,true_total_pix,true_primary_deposition,true_total_deposition,ke,true_ke
0,0,25,0.5999908447265625,True,False,True,[57],[0.71153843],40,40,12.53095531463623,12.53095531463623,37,49,13.576510429382324,17.554288864135742,15.487008094787598,23.01705216427673
1,1,41,0.2999267578125,True,False,True,[105],[0.7125],126,126,25.40772819519043,25.40772819519043,148,148,31.942291259765625,31.942291259765625,31.401412963867188,44.41868159298755
2,1,111,0.29998779296875,True,True,True,[34 32],[0.7480916  0.00723589],117,117,27.894149780273438,27.894149780273438,112,112,22.02112579345703,22.02112579345703,34.47438049316406,23.27605972331468
3,2,24,inf,False,False,True,[74],[0.2189781],30,30,8.229632377624512,8.229632377624512,-1,-1,-1.0,-1.0,10.171003341674805,-1.0
4,3,10,0.9949975598122411,True,True,True,[42],[0.7037037],90,105,22.140090942382812,26.68974494934082,93,125,24.33940887451172,35.50560760498047,32.98585510253906,44.95093777244585
5,3,29,1.199981689453125,True,True,True,[37],[0.8490566],38,51,10.892664909362793,16.624767303466797,36,47,9.966252326965332,14.88894271850586,20.546550750732422,20.129176126364026
6,4,3,1.3416134908176134,True,True,True,[103],[0.7704918],37,56,12.59249496459961,19.89075469970703,32,52,14.641059875488281,21.483936309814453,24.582984924316406,26.24400476496823
7,4,12,inf,False,False,True,[81],[0.05882353],4,4,1.2666950225830078,1.2666950225830078,-1,-1,-1.0,-1.0,1.565508484840393,-1.0
8,4,62,0.29998779296875,True,False,True,[36],[0.3846154],26,26,6.192228317260742,6.192228317260742,-1,-1,-1.0,-1.0,7.652975082397461,-1.0
9,4,96,1.2369405696937397,True,False,True,[91],[0.8778626],119,119,29.28163719177246,29.28163719177246,127,127,28.534862518310547,28.534862518310547,36.189178466796875,48.22103861556101
10,5,0,0.3000030517578125,True,True,True,[59],[0.7987013],118,136,36.068668365478516,45.1375846862793,122,141,28.922122955322266,36.141517639160156,55.78554153442383,45.862723648992535
11,6,25,0.899993896484375,True,False,True,[52],[0.79591835],24,44,9.376556396484375,14.57888126373291,27,44,16.934886932373047,23.546981811523438,18.01803970336914,37.70338798044961
12,6,36,inf,False,False,True,[50],[0.05882353],5,5,1.4842867851257324,1.4842867851257324,-1,-1,-1.0,-1.0,1.8344300985336304,-1.0
13,6,41,0.9000040691253942,True,True,True,[64],[0.82954544],158,158,41.60914611816406,41.60914611816406,164,164,38.608970642089844,38.608970642089844,51.42474365234375,51.37497393840462
14,6,76,0.6708476895569263,True,False,True,[63],[0.71428573],80,94,19.812509536743164,23.325063705444336,111,122,28.222829818725586,30.17710304260254,28.82744789123535,46.50266848896188
15,7,32,0.300048828125,True,False,True,[111   2],[0.8768116  0.00706714],126,126,36.64478302001953,36.64478302001953,133,133,32.74768829345703,32.74768829345703,45.28928756713867,42.02631389666506
16,7,97,0.9000244140625,True,True,True,[104],[0.8448276],54,54,13.6467924118042,13.6467924118042,53,53,12.621498107910156,12.621498107910156,16.866071701049805,14.808896522732388
17,8,8,0.29998779296875,True,True,True,[68 30],[7.099237e-01 5.467468e-04],85,105,20.203285217285156,25.812524795532227,100,119,16.230825424194336,23.866968154907227,31.901700973510742,26.92346025983445
18,8,27,0.2999267578125,True,False,True,[90],[0.89534885],79,79,21.211530685424805,21.211530685424805,44,84,13.147516250610352,24.729379653930664,26.21533203125,32.490632864106146
19,8,157,1.4696433878845823,True,True,True,[129],[0.8207547],92,92,19.639938354492188,19.639938354492188,91,101,21.544225692749023,25.195722579956055,24.273000717163086,31.409103424514313
20,9,39,0.3000030517578125,True,True,True,[36],[0.75],100,100,27.307540893554688,27.307540893554688,110,110,26.9373779296875,26.9373779296875,33.7493896484375,34.68386097474512
21,10,140,0.300018310546875,False,True,True,[47],[0.7762238],124,125,28.6888484954834,28.73569679260254,129,129,29.601194381713867,29.601194381713867,35.51445007324219,32.61141868456201
22,10,155,0.2999267578125,True,True,True,[110  15],[0.7903226 0.0192926],109,109,29.2155818939209,29.2155818939209,113,113,21.350618362426758,21.350618362426758,36.107540130615234,36.57502048557027
23,10,157,0.5195676732112771,True,False,True,[157],[0.7395833],79,79,27.820667266845703,27.820667266845703,88,88,30.104917526245117,30.104917526245117,34.38356399536133,39.89091740370047
24,11,18,0.3000030517578125,True,False,True,[58],[0.80898875],78,78,17.021909713745117,17.021909713745117,83,83,21.491806030273438,21.491806030273438,21.037378311157227,28.918454928359182
25,12,13,0.29998779296875,True,True,True,[51],[0.6768293],79,130,18.058494567871094,36.44410705566406,86,145,18.59285545349121,38.70342254638672,45.04127502441406,50.59319541182748
26,12,19,1.2727727852795883,True,True,True,[70],[0.7058824],77,77,16.021770477294922,16.021770477294922,68,68,14.113428115844727,14.113428115844727,19.801307678222656,18.688864272641613
27,12,61,0.2999267578125,True,True,True,[60],[0.80349344],203,203,44.08280944824219,44.08280944824219,210,210,36.76453399658203,36.76453399658203,54.4819450378418,42.62083973335282
28,13,69,0.29998779296875,True,False,True,[102  17],[8.3783782e-01 1.4222728e-04],99,99,31.502605438232422,31.502605438232422,105,105,24.94965171813965,24.94965171813965,38.9340705871582,30.006872382891583
29,13,103,0.29998779296875,True,False,True,[32 31],[0.7762238  0.00197498],47,125,9.942046165466309,29.69969367980957,42,129,7.842041969299316,32.1097412109375,36.70585250854492,45.14066867052813
30,14,60,0.29998779296875,True,True,True,[150],[0.04761905],38,43,12.490262985229492,13.492626190185547,-1,-1,-1.0,-1.0,16.675537109375,-1.0
31,14,92,1.0392410570366502,True,False,True,[119],[0.8648649],67,67,14.424140930175781,14.424140930175781,0,71,0.0,17.863805770874023,17.82679557800293,33.41851556883556
32,14,100,0.29998779296875,True,True,True,[90 21],[0.6394558  0.01255887],97,111,22.589351654052734,26.455644607543945,100,130,16.881378173828125,26.861923217773438,32.696533203125,30.520917869952513
33,14,132,inf,False,True,True,[129],[0.5222222],46,50,10.4894380569458,12.665358543395996,0,87,0.0,23.170591354370117,15.653117179870605,30.963947323042326
34,14,134,0.3000030517578125,True,True,True,[140  66],[0.62711865 0.23602484],79,153,22.79662322998047,51.77825927734375,96,135,21.862993240356445,31.151477813720703,63.99275207519531,36.18331121341559
35,15,150,0.29998779296875,True,True,True,[133],[0.877193],101,101,28.451499938964844,28.451499938964844,113,113,25.448305130004883,25.448305130004883,35.163211822509766,29.308425094382336
36,15,152,0.29998779296875,True,True,True,[42],[0.83898306],110,110,25.416427612304688,25.416427612304688,107,107,23.86836814880371,23.86836814880371,31.41216468811035,31.10690267801999
37,16,43,0.29998779296875,True,False,True,[14],[0.00119818],7,7,1.4182320833206177,1.4182320833206177,-1,-1,-1.0,-1.0,1.7527930736541748,-1.0
38,17,19,0.9487025992579593,True,True,True,[119],[0.8425197],104,118,28.204364776611328,32.29301834106445,102,116,30.84857940673828,36.27555465698242,39.91094207763672,47.90039146646006
39,17,37,inf,False,False,True,[97],[0.8169014],123,123,27.990680694580078,27.990680694580078,135,135,32.853546142578125,32.853546142578125,34.593685150146484,46.36958638920896
40,17,39,inf,False,True,True,[78],[0.00840336],1,1,0.35737502574920654,0.35737502574920654,-1,-1,-1.0,-1.0,0.44167980551719666,-1.0
41,17,79,0.29998779296875,True,False,True,[100],[0.84976524],110,186,13.246070861816406,32.4169807434082,115,208,17.891433715820312,41.78618621826172,40.06414794921875,49.40501744660926
42,17,112,0.29998779296875,True,False,True,[75],[0.8],93,93,18.26448631286621,18.26448631286621,105,105,22.900981903076172,22.900981903076172,22.57308006286621,27.727977481590248
43,18,16,0.29998779296875,True,False,True,[90],[0.85714287],83,112,22.807437896728516,32.42757797241211,93,122,25.593364715576172,35.969669342041016,40.07724380493164,45.42892803700798
44,18,19,0.29998779296875,True,True,True,[88],[0.8041237],85,85,20.1318302154541,20.1318302154541,90,90,18.05848503112793,18.05848503112793,24.880929946899414,47.16752541980316
45,18,21,0.29998779296875,True,True,True,[87  4],[0.7916667  0.00088554],43,43,15.322309494018555,15.322309494018555,43,43,12.290840148925781,12.290840148925781,18.936843872070312,13.746888075822017
46,19,8,0.29998779296875,True,False,True,[56],[0.62601626],14,94,4.0723676681518555,25.843524932861328,20,106,4.4452691078186035,27.999603271484375,31.940013885498047,48.69554439085351
47,19,39,0.2999267578125,True,False,True,[82 31],[0.65217394 0.03590664],95,121,31.03403091430664,40.73629379272461,78,107,18.712480545043945,27.34113121032715,50.345985412597656,32.34285551433839
48,19,156,inf,False,False,True,[126],[0.8454546],12,98,5.599102973937988,42.065155029296875,11,105,4.725685119628906,39.614871978759766,51.98832702636719,45.138900619779676
49,19,158,0.2999267578125,True,True,True,[74 36],[0.24698795 0.00034819],47,47,8.83378791809082,8.83378791809082,-1,-1,-1.0,-1.0,10.917678833007812,-1.0
50,20,103,0.29998779296875,True,True,True,[68 67 19],[0.6753247  0.19480519 0.00317965],115,150,21.69632911682129,31.451704025268555,108,108,26.223052978515625,26.223052978515625,38.87116241455078,39.46973021522213
51,21,5,0.29998779296875,True,True,True,[24 18],[0.7941176  0.00324149],119,154,31.422832489013672,44.76686477661133,111,151,25.522602081298828,38.1082649230957,55.327369689941406,42.24444921122191
52,21,64,0.3000030517578125,True,True,True,[52  6],[8.016529e-01 7.246377e-04],107,107,23.4971981048584,23.4971981048584,111,111,21.788604736328125,21.788604736328125,29.04018783569336,25.944272133935225
53,21,66,0.2999267578125,True,False,True,[53  5],[0.8715596  0.00601504],104,104,24.52014923095703,24.52014923095703,100,100,24.24626922607422,24.24626922607422,30.304452896118164,32.431442885315356
54,23,57,0.29999542236328125,True,True,True,[92 14],[0.74825174 0.00136986],123,123,35.26158905029297,35.26158905029297,127,127,31.765125274658203,31.765125274658203,43.57979965209961,41.90307143729281
55,23,115,0.2999267578125,True,False,True,[84],[0.775641],137,143,36.617591857910156,39.92809295654297,134,134,32.57783508300781,32.57783508300781,49.34713363647461,50.257473577662324
56,24,36,0.29998779296875,True,False,True,[23 15],[0.7804878  0.01269841],79,79,24.733816146850586,24.733816146850586,67,67,18.489042282104492,18.489042282104492,30.568525314331055,37.02397497517869
57,25,4,0.29998779296875,True,True,True,[35 29],[8.000000e-01 3.431709e-04],33,33,15.996081352233887,15.996081352233887,30,30,14.052618980407715,14.052618980407715,19.76955795288086,15.961288869840859
58,25,33,0.3000030517578125,True,False,True,[118],[0.92890996],201,201,47.96733093261719,47.96733093261719,206,206,41.16156005859375,41.16156005859375,59.2828254699707,44.946181880159564
59,25,104,0.29998779296875,True,True,True,[119],[0.7966102],97,97,27.898536682128906,27.898536682128906,115,115,26.91103172302246,26.91103172302246,34.479801177978516,41.19195517143066
60,26,8,0.29998779296875,True,False,True,[86 87  7],[0.6869565  0.18518518 0.00078064],83,103,27.00490379333496,33.608055114746094,91,91,27.3446102142334,27.3446102142334,41.536197662353516,46.51097028648286
61,26,30,0.29998779296875,True,True,True,[36 25],[0.75342464 0.00362694],191,191,28.49864387512207,28.49864387512207,193,193,31.59850311279297,31.59850311279297,35.221473693847656,35.79676130497232
62,26,83,0.29998779296875,True,False,True,[55],[0.82236844],122,133,25.635133743286133,31.781641006469727,123,144,28.808467864990234,37.945220947265625,39.2789306640625,50.064228877741
63,27,13,0.29998779296875,True,False,True,[49],[0.18367347],10,10,1.8417590856552124,1.8417590856552124,-1,-1,-1.0,-1.0,2.2762300968170166,-1.0
64,27,68,0.29998779296875,True,True,True,[35],[0.89041096],75,134,17.653493881225586,32.2105598449707,142,142,34.14671325683594,34.14671325683594,39.80903244018555,41.294049590802686
65,27,78,0.9950067602297026,True,False,True,[36],[0.92],119,119,25.065799713134766,25.065799713134766,121,121,22.48366355895996,22.48366355895996,30.978822708129883,26.9331260715497
66,27,80,0.29998779296875,True,True,True,[79],[0.85714287],53,53,16.3040828704834,16.3040828704834,51,51,13.75789737701416,13.75789737701416,20.150217056274414,20.71527887315738
67,29,41,0.5999755859375,True,False,True,[42],[0.91608393],112,138,23.25520133972168,29.79482650756836,114,136,24.41388702392578,30.913707733154297,36.823429107666016,35.61146646567989
68,29,91,0.29998779296875,True,False,True,[36 23],[0.7987013 0.005386 ],79,138,20.943843841552734,39.13836669921875,85,139,22.26616668701172,36.73869323730469,48.37110900878906,40.66061484276786
69,29,93,0.29998779296875,True,True,True,[55 13],[0.73125    0.00743746],118,146,28.52963638305664,37.294677734375,104,131,21.408260345458984,30.583995819091797,46.09249496459961,44.69525884768274
70,29,95,0.29998779296875,True,False,True,[49],[0.7297297],88,88,20.727210998535156,20.727210998535156,104,104,21.489728927612305,21.489728927612305,25.61676025390625,37.80317211899464
71,29,97,0.29998779296875,True,False,True,[35],[0.06666667],1,1,0.6178052425384521,0.6178052425384521,-1,-1,-1.0,-1.0,0.7635455131530762,-1.0
72,30,42,0.3000030517578125,True,False,True,[42],[0.6666667],24,45,10.809536933898926,17.277292251586914,31,55,13.33784294128418,20.372106552124023,21.35300636291504,27.72510391218255
73,30,52,1.529703460128878,False,True,True,[25],[0.8598131],98,98,25.500036239624023,25.500036239624023,101,101,26.60989761352539,26.60989761352539,31.51549530029297,32.03335485724616
74,30,64,0.2999267578125,True,True,True,[38],[0.7684729],151,188,27.161678314208984,39.33720397949219,140,171,22.339603424072266,30.875307083129883,48.616851806640625,45.72188851046002
75,30,81,0.2999267578125,True,False,True,[52],[0.25925925],21,21,4.770908832550049,4.770908832550049,-1,-1,-1.0,-1.0,5.896366596221924,-1.0
76,31,30,0.2999267578125,True,False,True,[31],[0.9039548],168,168,33.785789489746094,33.785789489746094,169,169,30.64373207092285,30.64373207092285,41.755859375,36.275077701521695
77,31,81,0.300048828125,False,True,True,[30],[0.72727275],93,110,22.8786678314209,28.773168563842773,84,118,22.75430679321289,32.81509780883789,35.560760498046875,45.05975176757117
78,32,90,0.2999267578125,True,True,True,[115  95  11],[0.6105263  0.18085106 0.00095012],71,88,14.33212947845459,18.639453887939453,65,65,13.766021728515625,13.766021728515625,23.036502838134766,17.10384315246155
79,32,108,0.2999267578125,False,True,True,[110],[0.43835616],54,69,15.16179084777832,19.560239791870117,-1,-1,-1.0,-1.0,24.174501419067383,-1.0
80,32,114,0.2999267578125,True,False,True,[84 20],[8.0645162e-01 6.0240965e-04],84,84,16.624778747558594,16.624778747558594,84,84,16.51255226135254,16.51255226135254,20.54656410217285,18.109386252869136
81,33,27,0.4242468053627785,True,True,True,[75],[0.8914729],122,122,19.136667251586914,19.136667251586914,122,122,24.86961555480957,24.86961555480957,23.65100860595703,31.708409647573703
82,33,29,0.2999267578125,True,False,True,[30 28],[0.8541667  0.00166667],89,89,33.46132278442383,33.46132278442383,89,89,33.74445343017578,33.74445343017578,41.35485076904297,38.303752817221685
83,33,96,0.29998779296875,True,True,True,[71],[0.6386139],132,137,29.146881103515625,30.452245712280273,194,194,40.82997512817383,40.82997512817383,37.63593292236328,46.443473206375934
84,34,40,0.2999267578125,True,False,True,[113],[0.68421054],44,44,9.277129173278809,9.277129173278809,52,52,14.539722442626953,14.539722442626953,11.465604782104492,18.624665354112402
85,34,102,0.29998779296875,True,True,True,[114],[0.78014183],125,125,26.114604949951172,26.114604949951172,126,126,24.53557586669922,24.53557586669922,32.27503967285156,27.323722063530276
86,35,41,0.42433312210852875,True,False,True,[83],[0.7281553],73,86,25.586463928222656,34.82246017456055,73,92,23.460203170776367,31.598880767822266,43.037078857421875,49.59165362905688
87,35,109,0.29998779296875,True,True,True,[127],[0.76033056],204,204,38.49781799316406,38.49781799316406,211,222,36.14789962768555,38.686424255371094,47.5794563293457,48.389938037575746
88,36,19,0.2999267578125,True,True,True,[50],[0.16666667],4,38,1.044043779373169,13.730094909667969,-1,-1,-1.0,-1.0,16.969024658203125,-1.0
89,36,32,0.2999267578125,True,True,True,[115   2],[7.966102e-01 3.086420e-04],72,108,16.850482940673828,28.108985900878906,73,104,14.915611267089844,26.783538818359375,34.739898681640625,50.173278295724494
90,36,44,0.3000030517578125,True,True,True,[116],[0.6953125],85,103,19.499019622802734,25.61083221435547,98,114,21.100452423095703,27.38233757019043,31.652429580688477,40.238831170480914
91,36,46,0.29998779296875,True,False,True,[102],[0.63829786],32,32,7.821629047393799,7.821629047393799,45,45,9.300848007202148,9.300848007202148,9.666751861572266,16.816281579342792
92,36,102,2.4000244140625,True,True,True,[72],[0.8115942],65,65,12.099658966064453,12.099658966064453,60,60,11.186153411865234,11.186153411865234,14.95396900177002,11.653887694895849
93,37,33,1.3747767043087278,True,True,True,[77],[0.8492063],40,113,10.270552635192871,32.919673919677734,87,120,20.854856491088867,36.62734603881836,40.6854248046875,50.47082226974052
94,37,45,inf,False,False,True,[124],[0.43150684],7,70,3.500896453857422,23.845731735229492,-1,-1,-1.0,-1.0,29.4709415435791,-1.0
95,37,49,0.3000030517578125,True,True,True,[96],[0.6969697],25,25,10.475741386413574,10.475741386413574,31,31,12.634684562683105,12.634684562683105,12.946969032287598,15.344603495577934
96,38,29,0.899993896484375,True,False,True,[72],[0.8305085],105,105,33.998714447021484,33.998714447021484,111,111,35.31226348876953,35.31226348876953,42.019012451171875,39.70287092514896
97,38,98,0.2999267578125,True,False,True,[73],[0.6122449],31,31,8.567024230957031,8.567024230957031,0,48,0.0,14.118304252624512,10.58798599243164,24.121745415483318
98,38,101,0.2999267578125,True,True,True,[51],[0.84090906],80,80,22.29924774169922,22.29924774169922,82,82,22.10313606262207,22.10313606262207,27.559640884399414,48.22277061106254
99,39,32,0.3000030517578125,False,True,True,[34 32],[0.737931  0.0078329],130,130,35.09173583984375,35.09173583984375,122,122,29.623210906982422,29.623210906982422,43.369876861572266,39.68244097164129
100,39,119,0.29998779296875,True,False,True,[97],[0.00961538],1,1,0.11268145591020584,0.11268145591020584,-1,-1,-1.0,-1.0,0.13926301896572113,-1.0
101,40,20,0.9487025992579593,True,True,True,[90],[0.575],114,114,29.743480682373047,29.743480682373047,75,75,22.01831817626953,22.01831817626953,36.75996780395508,48.34361652535143
102,40,51,0.2999267578125,True,True,True,[82  6],[0.82285714 0.00357995],149,157,32.74557876586914,35.087738037109375,151,162,36.18743896484375,39.91960525512695,43.36493682861328,48.85764265193117
103,40,67,0.3000030517578125,True,True,True,[52 21],[0.7631579  0.00214938],103,103,25.933629989624023,25.933629989624023,98,98,24.160642623901367,24.160642623901367,32.05137634277344,34.7940785226188
104,41,88,0.29998779296875,True,False,True,[107],[0.7032967],132,145,21.720439910888672,28.564348220825195,149,165,30.536563873291016,39.12335205078125,35.30268096923828,46.810698444992326
105,42,5,0.29998779296875,True,True,True,[35],[0.77678573],70,105,18.91073226928711,34.2590217590332,62,94,18.437313079833984,34.24298095703125,42.34072494506836,42.45492008824252
106,43,24,0.29998779296875,True,True,True,[62],[0.82258064],89,103,27.444007873535156,32.16511917114258,108,123,25.14451026916504,29.682207107543945,39.752872467041016,35.022539019928146
107,43,92,0.2999267578125,True,True,True,[97  6],[0.77884614 0.00449944],66,96,15.38975715637207,27.51940155029297,56,89,10.16010856628418,22.743375778198242,34.01123046875,33.74491954800547
108,44,5,0.29998779296875,True,False,True,[76  2],[6.7948717e-01 4.8780488e-04],26,121,6.055431365966797,29.686763763427734,75,141,12.78605842590332,29.847585678100586,36.68987274169922,34.88765438104722
109,44,34,0.600006103515625,True,True,True,[73],[0.7586207],27,27,9.420604705810547,9.420604705810547,24,24,8.137039184570312,8.137039184570312,11.642926216125488,18.28623573935066
110,45,129,0.29998779296875,True,True,True,[112],[0.85263157],85,85,22.135602951049805,22.135602951049805,91,91,17.551847457885742,17.551847457885742,27.357393264770508,38.363871899070695
111,46,31,0.29998779296875,True,True,True,[101],[0.83516484],77,78,18.20005989074707,18.309545516967773,89,89,19.740272521972656,19.740272521972656,22.628768920898438,40.40124001812972
112,46,34,0.6708545130783613,True,False,True,[40],[0.71428573],32,32,10.19572925567627,10.19572925567627,0,40,0.0,11.008993148803711,12.600902557373047,20.75236776858368
113,46,38,0.2999267578125,True,False,True,[53 22],[0.7819149  0.00707786],174,174,50.803794860839844,50.803794860839844,161,161,34.05825424194336,34.05825424194336,62.788414001464844,43.44694433867923
114,46,59,0.29998779296875,True,False,True,[112],[0.6581197],56,82,15.068230628967285,22.159393310546875,89,112,16.51776695251465,22.409400939941406,27.386795043945312,34.84602342443805
115,47,29,0.29998779296875,True,False,True,[81],[0.7924528],46,46,11.289212226867676,11.289212226867676,49,49,11.470191955566406,11.470191955566406,13.952338218688965,18.468063603881955
116,47,78,0.29998779296875,True,False,True,[79],[0.14285715],3,3,0.948078453540802,0.948078453540802,-1,-1,-1.0,-1.0,1.1717301607131958,-1.0
117,47,80,inf,False,True,False,[],[],1,1,0.4102947413921356,0.4102947413921356,-1,-1,-1.0,-1.0,0.5070832967758179,-1.0
118,48,34,2.580699886176175,True,True,True,[33],[0.79518074],69,69,22.05337905883789,22.05337905883789,80,80,25.757305145263672,25.757305145263672,27.25577163696289,29.648654377401943
119,49,14,0.2999267578125,True,True,True,[60  6],[8.0555558e-01 3.0988533e-04],105,121,24.820043563842773,28.972488403320312,122,139,23.168590545654297,27.742740631103516,35.807098388671875,32.327610568049316
120,49,32,0.2999267578125,True,True,True,[39 13],[0.78636366 0.00242718],190,202,46.759132385253906,50.346282958984375,177,191,39.09939193725586,43.03691864013672,62.22297286987305,49.57495142150211
121,49,34,0.2999267578125,True,True,True,[45],[0.6031746],48,48,27.784198760986328,27.784198760986328,53,53,27.440555572509766,27.440555572509766,34.33849334716797,43.16234228403586
122,49,69,0.5195676732112771,True,True,True,[43],[0.5964912],38,38,7.276201248168945,7.276201248168945,36,53,11.364280700683594,16.007343292236328,8.992657661437988,24.32780426704946
123,50,28,0.29998779296875,True,True,True,[111],[0.79569894],78,78,23.4261474609375,23.4261474609375,89,89,26.250164031982422,26.250164031982422,28.952377319335938,34.076215133936856
124,51,12,0.300018310546875,True,True,True,[36],[0.73015875],50,50,13.389932632446289,13.389932632446289,59,59,13.535354614257812,13.535354614257812,16.54861831665039,43.69175931248607
125,53,0,0.600006103515625,True,True,True,[93],[0.94392526],94,106,36.23927688598633,39.30757141113281,91,102,30.486244201660156,32.942169189453125,48.580230712890625,44.52390827336736
126,54,23,0.4243115434708169,True,True,True,[43 34],[0.75       0.00136314],36,59,15.489709854125977,25.86446762084961,30,53,8.38376235961914,18.919801712036133,31.965896606445312,31.062527886876197
127,54,59,0.3000030517578125,True,False,True,[105],[0.754717],45,45,10.05508804321289,10.05508804321289,48,48,13.489450454711914,13.489450454711914,12.427083969116211,15.323608713672723
128,54,110,0.29998779296875,True,True,True,[110   5],[0.75       0.00341006],36,80,13.86500358581543,25.272079467773438,28,67,7.815134525299072,17.494199752807617,31.2337646484375,22.334598025831216
129,54,115,0.9486495213915175,True,False,True,[96],[0.89855075],129,129,32.44784164428711,32.44784164428711,133,133,32.071834564208984,32.071834564208984,40.10228729248047,37.86952221156773
130,54,117,0.3000030517578125,True,False,True,[94],[0.54545456],6,6,3.092911720275879,3.092911720275879,11,11,3.903305768966675,3.903305768966675,3.8225297927856445,34.714797734011945
131,55,19,0.2999267578125,True,True,True,[39],[0.5681818],28,28,7.881997585296631,7.881997585296631,41,41,10.242565155029297,10.242565155029297,9.741361618041992,16.892963299319113
132,55,97,0.3000030517578125,True,False,True,[131   1],[0.8040541  0.00099602],68,140,9.7023344039917,21.10848617553711,57,127,12.068138122558594,25.822364807128906,26.08797836303711,36.29690968613359
133,56,75,0.3000030517578125,True,True,True,[89  1],[0.7826087  0.00435414],149,149,48.017086029052734,48.017086029052734,138,138,36.89012908935547,36.89012908935547,59.34431838989258,46.85574444077847
134,57,0,0.29998779296875,True,False,True,[66],[0.8],105,132,27.80512046813965,38.028053283691406,111,129,21.88982391357422,26.738651275634766,46.998870849609375,36.55441509326103
135,57,27,0.29998779296875,True,True,True,[127   4],[0.89411765 0.01945525],164,164,42.009178161621094,42.009178161621094,158,158,35.136478424072266,35.136478424072266,51.91914367675781,43.15203804629618
136,57,29,0.2999267578125,True,True,True,[36],[0.8582677],120,120,22.809146881103516,22.809146881103516,116,116,26.80447006225586,26.80447006225586,28.1898250579834,34.68398524027766
137,58,10,0.4242468053627785,True,False,True,[30],[0.7114094],29,111,6.951280117034912,33.70341110229492,0,144,0.0,37.411895751953125,41.654048919677734,66.51092213361525
138,58,31,0.300048828125,True,False,True,[45],[0.8382353],129,129,26.65499496459961,26.65499496459961,121,121,26.144580841064453,26.144580841064453,32.942909240722656,43.187401840951985
139,59,0,0.29998779296875,True,True,True,[44],[0.63448274],91,118,16.566009521484375,24.725032806396484,88,119,17.881568908691406,25.711715698242188,30.557668685913086,33.50941883890676
140,59,81,0.29998779296875,True,False,True,[40 18],[7.7697843e-01 3.3921303e-04],126,126,33.19066619873047,33.19066619873047,121,121,32.76766586303711,32.76766586303711,41.020347595214844,43.95575362497895
141,61,49,0.2999267578125,False,True,True,[24],[0.79746836],40,147,12.145418167114258,40.50466537475586,38,137,9.299161911010742,38.04099655151367,50.05971908569336,45.67665912580361
142,62,88,0.29998779296875,True,False,True,[25],[0.13761468],16,16,3.9742026329040527,3.9742026329040527,-1,-1,-1.0,-1.0,4.911717414855957,-1.0
143,63,0,0.3000030517578125,True,True,True,[79],[0.80991733],107,116,37.59392547607422,42.43972396850586,103,103,32.38938522338867,32.38938522338867,52.451255798339844,38.85517850613583
144,63,8,0.29998779296875,True,True,True,[90],[0.7474227],107,162,24.167816162109375,37.07819366455078,123,177,25.853252410888672,40.20552444458008,45.8249397277832,50.53013230045208
145,63,43,inf,False,False,True,[66],[0.01219512],2,2,0.34904229640960693,0.34904229640960693,-1,-1,-1.0,-1.0,0.4313814043998718,-1.0
146,64,0,0.29998779296875,True,False,True,[108 126   9],[0.8217054  0.06504065 0.00172414],112,120,29.318204879760742,33.564971923828125,115,115,28.73711585998535,28.73711585998535,41.48295211791992,43.906625823105564
147,64,37,0.2999267578125,True,True,True,[36],[0.69536424],130,130,23.457271575927734,23.457271575927734,126,126,27.171737670898438,27.171737670898438,28.990842819213867,32.453755100150794
148,65,25,0.899993896484375,True,False,True,[54],[0.73880595],105,105,17.443384170532227,17.443384170532227,110,128,22.364044189453125,29.45439910888672,21.558279037475586,40.140114940815664
149,65,104,inf,False,False,True,[26],[0.00081301],1,1,0.49735262989997864,0.49735262989997864,-1,-1,-1.0,-1.0,0.614678144454956,-1.0
150,66,32,0.6708238052536049,True,False,True,[37],[0.85],37,37,11.156340599060059,11.156340599060059,37,37,11.766650199890137,11.766650199890137,13.788122177124023,55.281884397373894
151,67,24,0.3000030517578125,True,True,True,[81],[0.14814815],4,4,2.0247445106506348,2.0247445106506348,-1,-1,-1.0,-1.0,2.5023818016052246,-1.0
152,67,26,0.3000030517578125,True,False,True,[83],[0.73376626],137,137,29.075702667236328,29.075702667236328,130,130,24.865413665771484,24.865413665771484,35.934661865234375,33.377113442527786
153,67,97,0.60003662109375,True,False,True,[115],[0.72727275],53,89,24.852088928222656,40.701316833496094,65,101,24.47802734375,34.643245697021484,50.30276107788086,48.741295036749364
154,67,101,0.29998779296875,True,False,True,[109],[0.74766356],87,96,28.35872459411621,33.219573974609375,91,91,22.21800422668457,22.21800422668457,41.05607223510742,30.652817352766522
155,67,119,0.29998779296875,True,True,True,[74 27],[0.8207547  0.00246914],96,96,30.482044219970703,30.482044219970703,97,97,23.122936248779297,23.122936248779297,37.672760009765625,30.301904074756564
156,68,6,0.2999267578125,True,True,True,[29 25],[7.266667e-01 2.792516e-04],76,124,19.228511810302734,34.721927642822266,92,135,27.39661979675293,43.042259216308594,42.9128303527832,49.30973193480687
157,68,16,0.29998779296875,True,True,True,[89  7],[0.84782606 0.00304723],129,129,32.60247802734375,32.60247802734375,126,126,30.231048583984375,30.231048583984375,40.29340362548828,35.187505208818536
158,70,44,inf,False,True,True,[94],[0.7403315],96,141,23.118824005126953,35.753814697265625,0,174,0.0,37.813575744628906,44.188140869140625,57.00703101744739
159,70,147,0.734823251343688,False,True,True,[37],[0.08849557],34,74,8.558018684387207,15.903719902038574,-1,-1,-1.0,-1.0,19.65540885925293,-1.0
160,70,167,0.300048828125,True,True,True,[73],[0.79545456],154,154,38.71891784667969,38.71891784667969,162,162,35.8199462890625,35.8199462890625,47.85271072387695,44.61227500839798
161,70,169,0.2999267578125,True,False,True,[58],[0.8562874],151,151,28.815671920776367,28.815671920776367,159,159,32.37369918823242,32.37369918823242,35.61328887939453,51.52929784640676
162,71,38,0.300018310546875,True,False,True,[108],[0.07166124],23,23,5.766181468963623,5.766181468963623,-1,-1,-1.0,-1.0,7.1264238357543945,-1.0
163,71,108,0.3000030517578125,True,True,True,[124],[0.73880595],94,100,29.51212501525879,31.78028106689453,119,133,31.758636474609375,35.339813232421875,39.277252197265625,40.96269643137669
164,71,111,0.29998779296875,True,False,True,[104],[0.1632653],9,9,2.669027328491211,2.669027328491211,-1,-1,-1.0,-1.0,3.2986509799957275,-1.0
165,72,21,0.29998779296875,True,False,True,[30],[0.6666667],57,59,9.316291809082031,10.050702095031738,66,66,11.06729507446289,11.06729507446289,12.421663284301758,15.312658846323817
166,72,25,0.2999267578125,True,True,True,[71],[0.5279503],110,110,33.55747985839844,33.55747985839844,136,136,31.25913429260254,31.25913429260254,41.473690032958984,37.88254748531253
167,73,32,0.29998779296875,True,True,True,[45],[0.4509804],25,25,9.660351753234863,9.660351753234863,-1,-1,-1.0,-1.0,11.939229011535645,-1.0
168,74,30,0.3000030517578125,False,False,True,[69],[0.8923077],61,61,31.220535278320312,31.220535278320312,62,62,25.085004806518555,25.085004806518555,38.5854606628418,44.67854500899756
169,74,128,0.2999267578125,True,False,True,[43],[0.8108108],126,129,27.83580207824707,28.414466857910156,139,139,38.05790710449219,38.05790710449219,35.11743927001953,44.99933288235338
170,74,130,0.734898004471907,True,False,True,[127],[0.7659575],43,43,14.807897567749023,14.807897567749023,40,40,11.844879150390625,11.844879150390625,18.30108070373535,48.324714090816826
171,75,48,inf,False,False,True,[58],[0.00544465],3,3,0.9752774238586426,0.9752774238586426,-1,-1,-1.0,-1.0,1.2053453922271729,-1.0
172,76,89,0.29998779296875,True,False,True,[98  3],[8.4090906e-01 2.2701475e-04],195,209,39.651954650878906,43.22188949584961,182,196,35.35212707519531,38.95263671875,53.41793441772461,44.23178782605062
173,76,95,0.29998779296875,True,True,True,[47],[0.76237625],89,89,25.559104919433594,25.559104919433594,89,89,26.008712768554688,26.008712768554688,31.588499069213867,44.25077478745454
174,76,99,0.3000030517578125,True,False,True,[34],[0.814433],84,84,19.329570770263672,19.329570770263672,92,92,22.481557846069336,22.481557846069336,23.88941764831543,27.1891093107774
175,78,74,0.29998779296875,True,True,True,[63],[0.8562874],156,156,30.31365203857422,30.31365203857422,154,154,32.852657318115234,32.852657318115234,37.46464538574219,35.18879545315107
176,78,76,0.29998779296875,True,True,True,[37],[0.4888889],79,79,20.4222412109375,20.4222412109375,-1,-1,-1.0,-1.0,25.239849090576172,-1.0
177,79,63,0.29998779296875,True,True,True,[110],[0.6797753],145,145,32.49699401855469,32.49699401855469,154,154,32.63787078857422,32.63787078857422,40.16303634643555,35.90020240066366
178,79,82,1.20001220703125,True,False,True,[122],[0.85833335],113,113,33.955970764160156,33.955970764160156,110,110,26.30707359313965,26.30707359313965,41.9661865234375,37.22486979309325
179,79,84,0.2999267578125,True,True,True,[87],[0.38235295],14,14,3.4733059406280518,3.4733059406280518,-1,-1,-1.0,-1.0,4.292658805847168,-1.0
180,80,35,0.3000030517578125,True,False,True,[55],[0.6396396],63,73,18.54970359802246,21.87574577331543,66,109,17.053340911865234,27.78549575805664,27.036235809326172,34.31704646792594
181,80,84,0.29998779296875,True,False,True,[124   1],[0.7967033  0.02083333],165,165,38.91159439086914,38.91159439086914,151,162,30.489736557006836,33.14356994628906,48.09083938598633,36.33335086560499
182,81,84,0.9000244140625,True,True,True,[50],[0.74025977],73,73,16.891460418701172,16.891460418701172,61,61,15.51468276977539,15.51468276977539,20.876155853271484,25.41821749468301
183,82,25,0.3000030517578125,True,True,True,[31],[0.8214286],104,104,28.599992752075195,28.599992752075195,100,100,24.349411010742188,24.349411010742188,35.34673309326172,31.09504308832177
184,83,19,0.2999267578125,False,True,True,[28 27],[0.8682635  0.00514139],103,157,24.110624313354492,42.45011901855469,97,155,22.43867301940918,41.19956970214844,52.46410369873047,44.98057782473153
185,83,20,0.300048828125,False,True,True,[29],[0.87401575],118,118,29.430137634277344,29.430137634277344,120,120,28.790977478027344,28.790977478027344,36.37270736694336,33.77420476103542
186,83,27,inf,False,False,True,[82],[0.17857143],5,5,4.301323413848877,4.301323413848877,-1,-1,-1.0,-1.0,5.316005706787109,-1.0
187,84,3,0.29998779296875,True,False,True,[53 97],[0.58762884 0.16666667],3,79,1.1540136337280273,31.943252563476562,16,75,4.250139236450195,18.775714874267578,39.478668212890625,21.313610630958685
188,84,5,0.29998779296875,True,True,True,[125],[0.875],44,81,16.307872772216797,28.798206329345703,45,84,15.441178321838379,27.74305534362793,35.591705322265625,41.514794864379645
189,84,41,0.4242575950931961,False,False,True,[109],[0.75],26,26,11.582878112792969,11.582878112792969,30,30,11.115361213684082,11.115361213684082,14.315279960632324,41.346662915861245
190,84,44,0.29998779296875,True,False,True,[124],[0.76785713],186,186,48.383087158203125,48.383087158203125,210,210,38.92689895629883,38.92689895629883,59.796661376953125,45.61511413741196
191,84,99,inf,False,True,True,[141],[0.8611111],51,65,21.232284545898438,27.604616165161133,0,69,0.0,21.564985275268555,34.116546630859375,30.94772669054033
192,85,24,0.29998779296875,True,False,True,[51 11],[0.7203792  0.01442308],169,196,37.50524139404297,45.90203857421875,154,167,29.646081924438477,33.638877868652344,56.73033142089844,49.984812018352685
193,85,26,0.29998779296875,True,False,True,[63],[0.77272725],55,55,16.55640411376953,16.55640411376953,62,62,14.498827934265137,14.498827934265137,20.462060928344727,20.002269823788303
194,85,29,inf,False,False,True,[52],[0.8727273],152,152,34.51862335205078,34.51862335205078,157,157,30.516864776611328,30.516864776611328,42.66156768798828,51.380826900782274
195,86,0,0.3000030517578125,True,True,True,[86],[0.6132597],61,140,10.753928184509277,30.9616641998291,64,152,13.576764106750488,36.335914611816406,38.26552200317383,47.264715240808655
196,86,18,0.29998779296875,True,False,True,[40 30],[0.53488374 0.01030928],39,57,6.866251468658447,11.953885078430176,75,75,14.208802223205566,14.208802223205566,14.773807525634766,22.803213692798742
197,86,73,0.29998779296875,True,True,True,[41 29],[0.81395346 0.00678426],163,163,39.64246368408203,39.64246368408203,149,149,28.942028045654297,28.942028045654297,48.99412155151367,34.26209075578004
198,86,75,0.2999267578125,True,False,True,[55 22],[8.7628865e-01 6.2814070e-04],91,91,22.299270629882812,22.299270629882812,91,91,25.95604705810547,25.95604705810547,27.559669494628906,50.19033287031746
199,87,8,0.29998779296875,True,True,True,[41 26],[0.8245614  0.00186966],30,110,10.074195861816406,31.526735305786133,20,98,4.518887519836426,26.915142059326172,38.96389389038086,40.31204388533035
200,87,36,0.2999267578125,True,True,True,[86 14],[8.3571428e-01 6.7114097e-04],98,127,20.808679580688477,31.372249603271484,102,130,18.930286407470703,28.462188720703125,38.77296447753906,38.31018303303917
201,87,95,0.7348170250056694,True,True,True,[89 66],[0.7236842  0.06410257],122,132,27.233518600463867,31.03571319580078,130,130,29.780410766601562,29.780410766601562,38.35704040527344,38.134836215687265
202,87,105,0.5195676732112771,True,False,True,[113   1],[0.8066038  0.03716216],199,199,49.59861373901367,49.59861373901367,184,184,36.335227966308594,36.335227966308594,61.298927307128906,51.59508979162963
203,88,75,0.29998779296875,True,False,True,[54 11],[0.80851066 0.00473934],129,129,33.293052673339844,33.293052673339844,126,126,34.157039642333984,34.157039642333984,41.14688491821289,34.95112780673892
204,90,27,0.899993896484375,True,False,True,[25],[0.7340425],57,154,10.332819938659668,32.65650939941406,54,172,12.44428539276123,39.71315002441406,40.36017990112305,47.19898135427823
205,91,5,0.29998779296875,True,True,True,[162   2],[0.6764706  0.00067797],100,112,29.749868392944336,33.66488265991211,54,116,13.449700355529785,35.24394607543945,41.60643005371094,41.606751582191784
206,92,24,0.2999267578125,True,True,True,[115   7],[0.76363635 0.00183419],66,94,32.729286193847656,43.01752471923828,71,100,28.96135139465332,37.93449020385742,53.16535949707031,48.86814887932613
207,92,105,0.29998779296875,True,False,True,[137   0],[0.72868216 0.00255754],112,112,19.34383201599121,19.34383201599121,111,111,20.31462860107422,20.31462860107422,23.90704345703125,25.36566762884524
208,94,34,0.3000030517578125,True,True,True,[93  2],[0.74647886 0.00240096],65,65,23.638334274291992,23.638334274291992,59,59,15.727871894836426,15.727871894836426,29.214618682861328,18.27611072910409
209,94,37,0.2999267578125,True,False,True,[70 12],[0.7916667  0.00236407],61,61,19.929136276245117,19.929136276245117,68,68,18.899627685546875,18.899627685546875,24.630420684814453,22.778415281113798
210,94,79,inf,False,True,True,[78],[0.6097561],27,81,6.570338249206543,23.828937530517578,59,117,15.704718589782715,31.23556137084961,29.450185775756836,36.96119281264181
211,94,81,0.3000030517578125,True,False,True,[42],[0.82222223],108,119,22.565570831298828,26.035253524780273,115,127,25.448057174682617,29.193571090698242,32.176971435546875,35.514526994893764
212,94,87,0.29998779296875,True,False,True,[101],[0.8201058],169,169,46.642356872558594,46.642356872558594,175,175,37.9683952331543,37.9683952331543,57.64529037475586,44.14331410807207
213,94,89,0.29998779296875,True,False,True,[39],[0.78350514],82,82,20.286548614501953,20.286548614501953,91,91,18.808006286621094,18.808006286621094,25.072145462036133,20.660873287203795
214,95,126,2.1840027850839827,True,True,True,[44],[0.8867925],70,98,19.956239700317383,25.614574432373047,69,102,20.64224624633789,26.713294982910156,31.657052993774414,37.21176337538071
215,95,143,0.29998779296875,True,True,True,[143   7],[5.6716418e-01 3.8402458e-04],48,48,11.913795471191406,11.913795471191406,47,57,13.269590377807617,16.899288177490234,14.724260330200195,19.715923820143995
216,96,10,0.29998779296875,True,False,True,[37],[0.83653843],70,94,18.211654663085938,29.39042854309082,72,97,15.512070655822754,25.58719253540039,36.323631286621094,31.273539166353213
217,97,21,inf,False,False,True,[51],[0.6148649],119,193,34.154266357421875,51.23398971557617,0,285,0.0,75.91015625,63.320091247558594,108.30690881301264
218,97,22,0.3000030517578125,True,True,True,[94 93],[0.7164179  0.06896552],130,173,35.073936462402344,44.20704650878906,142,172,32.64241027832031,38.1156005859375,54.63549041748047,46.64419771716229
219,97,80,0.4242468053627785,True,False,True,[66 11],[9.0123457e-01 7.0521864e-04],60,77,13.722403526306152,18.11871337890625,61,77,15.815709114074707,22.318098068237305,22.392919540405273,29.23190439536948
220,98,97,0.9486543469756282,True,False,True,[84],[0.8082192],103,132,23.907896041870117,36.4660530090332,101,132,22.265451431274414,34.04438400268555,45.068397521972656,46.69928512182413
221,98,121,0.2999267578125,True,False,True,[89],[0.7592593],67,91,16.929418563842773,23.970067977905273,72,99,16.154773712158203,22.709108352661133,29.624608993530273,25.372132291773813
222,99,42,0.29998779296875,True,False,True,[103   8],[8.4313726e-01 5.1440328e-04],92,92,30.03154945373535,30.03154945373535,96,96,20.599477767944336,20.599477767944336,37.11599349975586,39.41208584872645
223,99,45,0.3000030517578125,True,True,True,[104],[0.8726415],195,195,42.38432693481445,42.38432693481445,202,202,37.809059143066406,37.809059143066406,52.38279342651367,50.43878285039511
224,100,7,inf,False,False,True,[48],[0.6363636],11,14,4.405024528503418,5.643185615539551,0,22,0.0,10.13503646850586,6.9744133949279785,182.11894103908799
225,100,25,0.29998779296875,True,True,True,[78 19],[0.82098764 0.00207147],152,152,40.79302215576172,40.79302215576172,143,143,32.71188735961914,32.71188735961914,50.416099548339844,48.610927448113145
226,100,29,0.29998779296875,True,False,True,[117   3],[0.8705036 0.0020141],132,132,32.65819549560547,32.65819549560547,128,128,29.505596160888672,29.505596160888672,40.362266540527344,41.09732903454491
227,100,105,1.5,True,True,True,[94],[0.5859375],14,76,5.420399188995361,25.86359405517578,54,127,21.132511138916016,42.68821716308594,31.96481704711914,48.45522820912651
228,102,21,0.29998779296875,True,False,True,[53 16],[0.9223301  0.00158983],100,100,18.589962005615234,18.589962005615234,98,98,21.92649269104004,21.92649269104004,22.97533416748047,23.710947080374876
229,102,81,0.2999267578125,True,False,True,[69 96],[0.6728972  0.07157895],93,195,25.716075897216797,49.473609924316406,98,163,23.65705680847168,38.53004455566406,61.14443588256836,46.64680596411379
230,103,9,0.29998779296875,True,False,True,[ 27 109],[0.7714286  0.08527132],117,128,31.599937438964844,35.514888763427734,120,120,33.163143157958984,33.163143157958984,43.892852783203125,46.936230468146256
231,104,92,0.29998779296875,True,False,True,[58],[0.8839286],100,102,24.01618194580078,24.27458381652832,109,109,29.183393478393555,29.183393478393555,30.000959396362305,30.78235916065184
232,106,16,0.29998779296875,True,True,True,[39],[0.8613445],159,224,28.000568389892578,39.088653564453125,155,219,30.431201934814453,42.59495544433594,48.309669494628906,50.04675060834468
233,106,28,1.1999969482421875,True,True,True,[60],[0.84158415],50,89,17.38211441040039,27.190336227416992,47,97,17.63058853149414,32.05239486694336,33.60453796386719,47.08290160821153
234,106,31,0.734823251343688,True,False,True,[49],[0.74390244],49,67,16.32715606689453,22.283729553222656,76,76,19.705181121826172,19.705181121826172,27.540462493896484,23.246954421238787
235,106,33,0.29998779296875,True,True,True,[65],[0.7765958],82,82,22.43999481201172,22.43999481201172,85,85,20.447202682495117,20.447202682495117,27.733591079711914,28.47362577599707
236,106,35,0.29998779296875,True,True,True,[91  5],[0.78723407 0.00095511],85,85,29.902565002441406,29.902565002441406,83,83,27.52935028076172,27.52935028076172,36.956581115722656,43.838907067691466
237,107,3,0.4242468053627785,True,False,True,[49],[0.86567163],49,64,21.834545135498047,25.543180465698242,44,61,24.89204978942871,29.474790573120117,31.568817138671875,35.2553144847053
238,107,18,0.4242252311158769,True,True,True,[144 141],[0.28070176 0.2       ],34,52,10.009406089782715,15.612899780273438,-1,-1,-1.0,-1.0,19.295984268188477,-1.0
239,107,54,0.2999267578125,True,False,True,[31 29],[8.5148513e-01 7.3046022e-04],82,93,22.550771713256836,27.382259368896484,82,94,20.973243713378906,26.33050537109375,33.84173583984375,34.45862546908641
240,107,135,0.29998779296875,True,False,True,[66],[0.49122807],56,57,19.61823272705078,19.82805061340332,-1,-1,-1.0,-1.0,24.505489349365234,-1.0
241,108,11,0.29998779296875,True,True,True,[46  7],[0.72       0.00123839],69,69,20.409090042114258,20.409090042114258,60,60,17.096424102783203,17.096424102783203,25.223594665527344,20.667611499562387
242,109,56,0.4242468053627785,True,False,True,[42],[0.61764705],50,50,14.359342575073242,14.359342575073242,60,60,17.657608032226562,17.657608032226562,17.74671173095703,23.849887033645437
243,110,66,0.29998779296875,False,False,True,[58 17],[0.64285713 0.00231884],130,130,34.845767974853516,34.845767974853516,123,123,25.31139373779297,25.31139373779297,43.065887451171875,30.2268052503025
244,111,24,0.3000030517578125,True,False,True,[38],[0.7378049],105,128,33.544105529785156,40.643035888671875,122,157,27.44442367553711,37.15129089355469,50.23072814941406,48.78719833056789
245,111,38,0.600006103515625,True,False,True,[39],[0.6136364],57,88,14.835098266601562,26.833728790283203,96,125,26.783756256103516,37.22538375854492,33.1638069152832,48.79836047315298
246,111,42,0.29998779296875,True,False,True,[46 28],[0.67808217 0.00492763],127,127,30.699596405029297,30.699596405029297,118,118,21.94927215576172,21.94927215576172,37.94163131713867,30.727493583223545
247,111,46,0.4242575950931961,True,False,True,[60 20],[0.7637795  0.00678222],118,118,43.211402893066406,43.211402893066406,106,106,25.201858520507812,25.201858520507812,53.40497589111328,26.842930111309396
248,111,103,inf,False,True,True,[87],[0.73333335],25,25,5.599704265594482,5.599704265594482,27,27,7.33109712600708,7.33109712600708,6.920674800872803,7.520795047872937
249,112,1,0.29998779296875,True,True,True,[56],[0.7411765],117,140,27.277870178222656,33.47296905517578,133,156,34.20491027832031,40.659820556640625,41.36924362182617,47.54892983943794
250,112,72,0.29998779296875,True,False,True,[57],[0.73255813],69,69,22.470237731933594,22.470237731933594,80,80,20.970617294311523,20.970617294311523,27.770967483520508,23.925317337527275
251,113,28,0.29998779296875,True,False,True,[61],[0.79268295],71,71,17.764493942260742,17.764493942260742,76,76,17.696168899536133,17.696168899536133,21.95513916015625,26.44371382192389
252,113,57,0.29998779296875,True,True,True,[76],[0.8068182],149,163,34.7115592956543,39.707706451416016,140,155,32.117454528808594,37.077510833740234,49.07475662231445,46.07555073196095
253,114,15,0.29998779296875,True,True,True,[120 126   3],[0.8        0.06074766 0.00125502],129,199,24.099266052246094,40.52080535888672,125,188,28.481176376342773,44.070281982421875,50.07966613769531,51.65645171755639
254,114,45,0.29999542236328125,True,True,True,[53 21],[8.5555553e-01 6.0259114e-04],162,162,34.99729537963867,34.99729537963867,172,172,30.605451583862305,30.605451583862305,43.25315856933594,43.46634930801222
255,114,49,0.29998779296875,True,True,True,[92],[0.6896552],69,69,17.233755111694336,17.233755111694336,78,78,18.09414291381836,18.09414291381836,21.299198150634766,23.64323687263564
256,114,121,0.5196029088876658,True,False,True,[115],[0.7751938],107,107,30.031551361083984,30.031551361083984,107,122,31.81920051574707,36.41568374633789,37.115997314453125,48.80018821062178
257,115,7,0.29998779296875,True,False,True,[85],[0.8220339],85,105,19.882017135620117,23.293460845947266,90,110,16.6082706451416,21.196210861206055,28.788389205932617,45.09652912937249
258,115,28,0.300018310546875,True,True,True,[73],[0.8176101],129,142,33.629364013671875,37.33091354370117,136,147,31.965883255004883,35.862693786621094,46.13727951049805,43.99205613251179
259,115,43,inf,False,True,True,[36],[0.5319149],1,26,0.5216743350028992,9.5398530960083,0,46,0.0,13.654485702514648,11.790305137634277,21.17447374321531
260,115,45,0.300018310546875,True,True,True,[59],[0.83928573],47,47,19.18891143798828,19.18891143798828,56,56,19.134050369262695,19.134050369262695,23.715576171875,34.131888298943
261,116,72,0.29998779296875,True,True,True,[53  6],[0.89719623 0.00558659],103,103,22.233339309692383,22.233339309692383,100,100,22.441068649291992,22.441068649291992,27.478185653686523,23.608522674915896
262,117,11,0.29998779296875,True,True,True,[65],[0.84090906],120,120,29.19426727294922,29.19426727294922,123,123,22.775455474853516,22.775455474853516,36.08119583129883,36.762855052253904
263,117,13,0.29998779296875,True,True,True,[54],[0.76870745],122,122,21.716033935546875,21.716033935546875,138,138,21.682273864746094,21.682273864746094,26.838848114013672,27.679502612601038
264,117,15,0.29998779296875,True,True,True,[57  5],[0.7882353  0.00115473],72,72,19.711177825927734,19.711177825927734,80,80,15.969149589538574,15.969149589538574,24.361045837402344,26.473061862760407
265,118,24,0.2999267578125,True,True,True,[34 19],[8.5937500e-01 7.0372975e-04],59,59,23.555194854736328,23.555194854736328,60,60,22.253259658813477,22.253259658813477,29.111865997314453,41.08095379962683
266,119,18,inf,False,True,True,[48 47],[0.33333334 0.31958762],38,72,8.04125690460205,23.158573150634766,-1,-1,-1.0,-1.0,28.621681213378906,-1.0
267,119,73,0.2999267578125,True,True,True,[44],[0.7903226],106,106,21.0003662109375,21.0003662109375,116,116,23.31243896484375,23.31243896484375,25.95435333251953,27.942266700554296
268,120,70,0.2999267578125,True,False,True,[40 36 37],[0.4050633  0.20661157 0.00990099],51,67,11.700944900512695,15.082991600036621,-1,-1,-1.0,-1.0,18.641069412231445,-1.0
269,120,136,0.29998779296875,True,False,True,[77],[0.1875],3,3,0.5828351378440857,0.5828351378440857,-1,-1,-1.0,-1.0,0.7203259468078613,-1.0
270,120,139,0.2999267578125,True,True,True,[146],[0.7826087],116,116,26.36119270324707,26.36119270324707,130,130,35.428951263427734,35.428951263427734,32.57979965209961,40.25632867756832
271,120,141,0.2999267578125,True,False,True,[170   0],[0.8695652  0.00450857],193,193,47.87019348144531,47.87019348144531,194,194,42.15617752075195,42.15617752075195,59.16277313232422,47.059087551743936
272,121,20,0.29998779296875,True,True,True,[44 22],[8.5542166e-01 2.7081923e-04],78,78,20.629478454589844,20.629478454589844,76,76,17.615156173706055,17.615156173706055,25.495973587036133,20.526200337481136
273,121,27,0.2999267578125,True,False,True,[80  6],[8.701923e-01 6.073489e-04],196,196,41.768280029296875,41.768280029296875,193,193,42.851600646972656,42.851600646972656,51.62141799926758,47.773485290226354
274,121,72,0.300048828125,True,True,True,[39],[0.699187],160,207,25.650550842285156,36.89311599731445,162,211,31.515621185302734,43.6995964050293,45.5962028503418,49.8392531721524
275,121,86,0.2999267578125,True,True,True,[41 23],[8.9565217e-01 3.7636433e-04],109,109,19.003141403198242,19.003141403198242,109,109,22.76467514038086,22.76467514038086,23.48598289489746,27.565682057084196
276,122,43,1.5297064525797102,True,False,True,[63],[0.36],19,19,7.02899169921875,7.02899169921875,-1,-1,-1.0,-1.0,8.68713092803955,-1.0
277,122,45,inf,False,True,True,[126],[0.20149253],30,30,6.911033630371094,6.911033630371094,-1,-1,-1.0,-1.0,8.541346549987793,-1.0
278,122,81,inf,False,True,True,[105  97],[0.78571427 0.01666667],1,24,2.377967357635498,10.210212707519531,0,26,0.0,6.70624303817749,12.618802070617676,7.728218215361726
279,123,0,0.29998779296875,True,True,True,[49],[0.773913],93,102,25.273653030395508,29.3707332611084,102,102,19.614940643310547,19.614940643310547,36.29928970336914,27.922695196607073
280,124,44,0.29998779296875,True,False,True,[79 20],[0.75247526 0.00563116],96,96,28.391843795776367,28.391843795776367,81,81,19.8094482421875,19.8094482421875,35.089481353759766,25.813114811862704
281,124,102,0.9000244140625,False,True,True,[43],[0.8181818],89,89,30.457977294921875,30.457977294921875,91,91,31.288515090942383,31.288515090942383,37.64301681518555,38.16707634317059
282,124,112,0.3000030517578125,True,True,True,[82 19],[0.81860465 0.0031986 ],200,200,44.041290283203125,44.041290283203125,191,191,37.1681022644043,37.1681022644043,54.430633544921875,39.99391197933622
283,125,33,0.3000030517578125,True,True,True,[80],[0.74496645],129,129,32.144874572753906,32.144874572753906,131,131,28.286510467529297,28.286510467529297,39.72785186767578,34.106799231291085
284,125,108,0.3000030517578125,True,False,True,[83],[0.75816995],123,133,25.361066818237305,28.644550323486328,136,136,28.369346618652344,28.369346618652344,35.40180206298828,43.72949993315435
285,126,12,0.4242575950931961,True,False,True,[49],[0.7361111],116,136,27.529247283935547,35.85601806640625,114,114,24.148948669433594,24.148948669433594,44.314453125,37.77425827097112
286,127,32,0.3000030517578125,True,True,True,[105],[0.8],94,104,26.60555076599121,29.550121307373047,101,112,27.541587829589844,30.965723037719727,36.52099609375,40.73853224417034
287,127,40,0.2999267578125,True,True,True,[49],[0.6608187],122,122,27.881874084472656,27.881874084472656,141,162,33.9395751953125,41.136444091796875,34.45920944213867,45.57103158391286
288,127,95,0.3000030517578125,True,False,True,[66],[0.84864867],72,173,14.059234619140625,33.263221740722656,67,169,12.457955360412598,32.55442810058594,41.110015869140625,38.602587145448766
289,127,121,0.89996337890625,True,False,True,[87],[0.6666667],24,24,11.264260292053223,11.264260292053223,26,26,13.095037460327148,13.095037460327148,13.921500205993652,45.57572761581414
290,128,30,inf,False,True,True,[50 55],[0.6102941 0.16     ],28,121,8.262967109680176,48.84638595581055,0,98,0.0,34.802001953125,60.3692512512207,74.16310935178252
291,128,64,inf,False,False,True,[80  7],[0.42647058 0.00582336],18,54,6.173681259155273,15.836811065673828,-1,-1,-1.0,-1.0,19.572715759277344,-1.0
292,128,71,0.29998779296875,True,True,True,[57],[0.28070176],20,20,5.902346611022949,5.902346611022949,-1,-1,-1.0,-1.0,7.294710636138916,-1.0
293,128,73,0.29998779296875,True,True,True,[60],[0.80841124],188,188,31.901288986206055,31.901288986206055,199,199,31.316381454467773,31.316381454467773,39.42680358886719,40.43504511544158
294,129,124,0.3000030517578125,True,False,True,[106],[0.83760685],68,103,18.917848587036133,28.796504974365234,74,112,20.244821548461914,29.939430236816406,35.589603424072266,37.05194639903955
295,129,138,0.9486253967843538,True,False,True,[105],[0.73214287],38,49,8.719929695129395,13.467253684997559,37,48,7.89200496673584,11.645692825317383,16.644180297851562,24.81577173078047
296,130,95,0.29998779296875,True,False,True,[103],[0.37179488],33,33,11.275917053222656,11.275917053222656,-1,-1,-1.0,-1.0,13.935906410217285,-1.0
297,130,97,0.2999267578125,True,True,True,[101   2],[0.76237625 0.00494234],86,86,19.23088264465332,19.23088264465332,92,92,19.771621704101562,19.771621704101562,23.76744842529297,23.19591778231222
298,132,15,0.2999267578125,True,False,True,[76],[0.6052632],91,91,23.678647994995117,23.678647994995117,92,92,19.007600784301758,19.007600784301758,29.264442443847656,32.52994794881455
299,132,17,0.3000030517578125,True,False,True,[59 20],[0.8629442  0.00174368],184,184,49.6497802734375,49.6497802734375,183,183,36.6072998046875,36.6072998046875,61.36216735839844,41.32246798917422
300,132,90,0.2999267578125,True,True,True,[34 30],[8.0124223e-01 3.8520803e-04],140,150,31.115270614624023,35.036312103271484,140,140,31.148849487304688,31.148849487304688,43.3013801574707,46.00559299055919
301,132,92,0.6708067454088067,True,False,True,[39],[0.6],68,68,16.792728424072266,16.792728424072266,76,76,18.163124084472656,18.163124084472656,20.754133224487305,32.68948283081615
302,133,46,0.29998779296875,True,True,True,[93],[0.83040935],147,148,47.111351013183594,47.35404968261719,165,165,40.236595153808594,40.236595153808594,58.524871826171875,44.56773049886848
303,133,91,0.2999267578125,True,False,True,[46 24],[8.4722221e-01 5.4764515e-04],118,131,23.639293670654297,27.483577728271484,119,135,23.882978439331055,27.593290328979492,33.96695327758789,34.97629060489322
304,133,97,0.2999267578125,True,True,True,[103],[0.8192771],81,81,30.67159652709961,30.67159652709961,70,70,23.749921798706055,23.749921798706055,37.90702819824219,31.192125564996868
305,134,15,0.29998779296875,True,False,True,[58 11],[0.8848921  0.00172831],118,131,30.321533203125,35.706932067871094,116,131,27.357919692993164,32.5957145690918,44.13019943237305,40.945494568203564
306,134,63,0.29998779296875,True,False,True,[35 19],[0.67261904 0.00598802],114,135,21.644607543945312,30.318443298339844,107,146,19.9039363861084,34.564453125,37.47056579589844,41.14106219853948
307,134,84,1.5,True,False,True,[84],[0.92622954],117,117,22.50019645690918,22.50019645690918,118,118,30.228221893310547,30.228221893310547,27.807992935180664,38.769254564888
308,135,0,0.29998779296875,True,True,True,[75],[0.81595093],58,143,13.514004707336426,37.095985412597656,62,153,12.47897720336914,36.60977554321289,45.84693145751953,47.33689789800567
309,135,19,0.2999267578125,True,False,True,[74],[0.8],182,182,51.779075622558594,51.779075622558594,0,196,0.0,39.322532653808594,63.9937629699707,47.789484809950864
310,135,54,0.29998779296875,True,True,True,[67 20],[0.8495575  0.00473934],81,104,18.023975372314453,25.667316436767578,83,105,15.446104049682617,22.909616470336914,31.72223663330078,30.879485348449546
311,136,31,0.29998779296875,True,False,True,[62],[0.4846154],81,81,16.150590896606445,16.150590896606445,-1,-1,-1.0,-1.0,19.96051597595215,-1.0
312,136,84,0.2999267578125,True,True,True,[90  2],[9.047619e-01 7.806401e-04],120,120,30.992874145507812,30.992874145507812,120,120,29.6474609375,29.6474609375,38.30409622192383,39.2931604737845
313,137,30,0.6708238052536049,True,False,True,[96],[0.86938775],190,228,28.824172973632812,35.005611419677734,190,230,34.73779296875,42.83704376220703,43.26343536376953,50.336690172594174
314,137,41,0.3000030517578125,True,True,True,[116],[0.5060241],45,45,19.55093002319336,19.55093002319336,44,80,19.480587005615234,31.772212982177734,24.162994384765625,42.78630659923101
315,137,127,0.29998779296875,True,False,True,[86],[0.84782606],123,123,26.722246170043945,26.722246170043945,132,132,27.19658088684082,27.19658088684082,33.026023864746094,38.12940133250256
316,138,98,0.2999267578125,True,True,True,[31],[0.7708333],107,169,21.36786460876465,38.62175369262695,111,171,21.7213191986084,37.5526008605957,47.732627868652344,49.54280306620507
317,139,49,0.300018310546875,True,True,True,[84 15],[0.5277778  0.00465116],84,84,15.197805404663086,15.197805404663086,92,136,18.907506942749023,30.795452117919922,18.782968521118164,46.14285186108798
318,139,125,0.29998779296875,True,True,True,[34],[0.89115644],136,136,35.693687438964844,35.693687438964844,142,142,36.80475997924805,36.80475997924805,44.11383056640625,44.76231156235205
319,140,33,0.29998779296875,True,False,True,[44 22],[0.6510067  0.00174216],105,115,44.015708923339844,47.19798278808594,131,131,30.73855209350586,30.73855209350586,58.33198928833008,44.691081294417444
320,140,53,0.300048828125,True,True,True,[74],[0.7755102],167,168,29.506610870361328,29.65922737121582,180,180,31.82448959350586,31.82448959350586,36.65584182739258,36.636006068565365
321,140,98,0.29998779296875,True,True,True,[33],[0.83522725],126,157,31.9117431640625,38.97144317626953,125,166,30.240880966186523,41.04932403564453,48.16481018066406,44.48789282772578
322,141,5,0.29998779296875,True,True,True,[77],[0.83439493],103,140,27.985931396484375,39.082733154296875,112,148,27.51349639892578,38.08526611328125,48.30235290527344,40.927443163074884
323,141,10,1.341627138693452,True,False,True,[55],[0.8606557],42,113,17.14413833618164,31.286163330078125,39,114,19.467918395996094,38.976463317871094,38.666568756103516,50.676594367431996
324,141,78,0.2999267578125,True,True,True,[85],[0.71428573],25,58,11.022563934326172,20.848066329956055,28,62,11.679720878601074,22.692441940307617,25.76612663269043,26.960337693206345
325,142,30,0.3000030517578125,True,False,True,[89],[0.821192],101,134,23.99338150024414,35.36643981933594,110,141,22.11918830871582,30.982593536376953,43.70938491821289,42.63457129819662
326,142,32,0.29998779296875,True,False,True,[66],[0.8264463],93,114,29.541688919067383,38.688316345214844,96,107,24.946674346923828,28.755573272705078,47.81489181518555,51.972889095774356
327,142,54,0.29998779296875,True,False,True,[77],[0.94285715],69,69,24.323654174804688,24.323654174804688,67,67,18.91454315185547,18.91454315185547,30.06160545349121,25.54514192933806
328,142,112,0.2999267578125,True,True,True,[35],[0.85555553],83,83,24.1093807220459,24.1093807220459,84,84,22.74095344543457,22.74095344543457,29.796785354614258,38.814406002709156
329,143,32,0.3000030517578125,True,False,True,[44 22],[0.79452056 0.00668151],132,132,35.55682373046875,35.55682373046875,130,130,25.359657287597656,25.359657287597656,43.944679260253906,29.86430844381893
330,143,96,0.2999267578125,True,False,True,[97],[0.29411766],10,10,3.53377628326416,3.53377628326416,-1,-1,-1.0,-1.0,4.36739444732666,-1.0
331,144,76,0.3000030517578125,True,False,True,[127],[0.8308824],91,119,28.97467803955078,38.33500671386719,102,130,25.86414909362793,33.96568298339844,47.37823486328125,43.68025996819841
332,144,94,0.5999755859375,True,True,True,[37],[0.44444445],2,74,1.8092081546783447,30.94687843322754,-1,-1,-1.0,-1.0,38.247249603271484,-1.0
333,144,108,0.2999267578125,True,True,True,[87 18],[0.7948718  0.00705467],99,108,25.14844512939453,27.800378799438477,90,102,21.777652740478516,24.798648834228516,34.358489990234375,29.77611315669944
334,144,110,0.29998779296875,True,True,True,[115],[0.83495146],100,100,28.232141494750977,28.232141494750977,89,89,24.037071228027344,24.037071228027344,34.89210510253906,37.96572967148056
335,145,22,0.2999267578125,True,True,True,[56 21],[0.74725276 0.00199203],73,76,22.123559951782227,22.874263763427734,83,83,21.188232421875,21.188232421875,28.27030372619629,28.753854385104482
336,145,24,0.3000030517578125,True,True,True,[93],[0.7794118],98,179,23.7439022064209,44.86281967163086,107,184,17.53179168701172,39.73341751098633,55.445960998535156,49.37717959144661
337,145,59,0.29998779296875,True,True,True,[81],[0.7878788],42,54,10.481115341186523,14.715017318725586,50,64,14.460555076599121,19.292028427124023,18.186290740966797,20.46997968842694
338,146,48,0.3000030517578125,True,False,True,[36  9],[8.235294e-01 3.579098e-04],107,124,32.19716262817383,38.126678466796875,104,124,28.01996612548828,33.812313079833984,47.12076187133789,39.24006549738882
339,147,16,0.6708203933887703,True,False,True,[40],[0.83505154],71,91,29.55750846862793,35.075016021728516,70,87,25.31487464904785,30.209938049316406,43.349212646484375,39.85084718047836
340,147,35,0.29998779296875,True,False,True,[53],[0.86466163],125,125,41.567806243896484,41.567806243896484,123,123,28.205615997314453,28.205615997314453,51.373653411865234,34.67155791723446
341,147,37,0.29998779296875,True,False,True,[28],[0.91071427],105,105,26.709884643554688,26.709884643554688,109,109,25.675479888916016,25.675479888916016,33.010746002197266,46.012632988799396
342,148,27,0.300048828125,True,True,True,[63],[0.3846154],2,61,0.8340897560119629,13.226825714111328,-1,-1,-1.0,-1.0,16.347034454345703,-1.0
343,148,119,0.29998779296875,True,True,True,[123  10],[8.7368423e-01 5.4525625e-04],92,92,31.461193084716797,31.461193084716797,86,86,29.02961540222168,29.02961540222168,38.88288879394531,34.423903575900894
344,148,121,0.3000030517578125,True,False,True,[109],[0.7307692],68,68,20.335466384887695,20.335466384887695,67,67,17.7890682220459,17.7890682220459,25.132604598999023,21.800264573427413
345,150,11,0.29998779296875,True,True,True,[67],[0.78431374],85,85,23.229257583618164,23.229257583618164,97,97,29.66642951965332,29.66642951965332,28.70903968811035,38.1589428592134
346,150,60,0.5999755859375,True,True,True,[77],[0.90839696],106,124,29.05082893371582,34.17742156982422,105,126,27.332326889038086,33.12677001953125,42.23987579345703,40.392078517149386
347,151,31,0.29998779296875,True,False,True,[95],[0.84210527],169,187,41.45270538330078,46.69992446899414,186,198,36.581382751464844,40.35491180419922,57.71643829345703,49.907385693483945
348,151,35,0.7348481707429317,True,True,True,[27],[0.8857143],96,96,24.412809371948242,24.412809371948242,102,102,24.48433494567871,24.48433494567871,30.17179298400879,31.976203458333526
349,151,38,1.615540375144195,True,True,True,[28],[0.65],13,13,6.006468296051025,6.006468296051025,20,20,7.578887939453125,7.578887939453125,7.423394203186035,10.168045713374223
350,151,87,0.2999267578125,True,False,True,[96  5],[0.7380952  0.01396648],113,113,30.874717712402344,30.874717712402344,106,106,21.721454620361328,21.721454620361328,38.15806579589844,26.331819541353536
351,152,28,0.29998779296875,True,True,True,[64],[0.75],54,54,12.73930835723877,12.73930835723877,58,58,13.859160423278809,13.859160423278809,15.744511604309082,24.625611005639083
352,152,31,0.29998779296875,True,False,True,[67],[0.7580645],54,54,11.585166931152344,11.585166931152344,55,55,10.061637878417969,10.061637878417969,14.318108558654785,32.985605297295045
353,153,0,0.29998779296875,True,True,True,[201  13],[7.4850297e-01 6.0606061e-04],135,142,32.299041748046875,36.16952896118164,137,150,31.211116790771484,34.553504943847656,44.70192337036133,42.51162947534984
354,153,87,0.29998779296875,True,True,True,[93],[0.8636364],78,78,25.50541877746582,25.50541877746582,86,86,26.20510482788086,26.20510482788086,31.52214813232422,30.42180696891054
355,153,175,inf,False,True,True,[140  25],[0.7986577  0.00301659],41,134,8.472810745239258,34.789451599121094,44,134,10.126747131347656,34.118499755859375,42.99628448486328,48.12309777640396
356,153,177,0.424289965930668,True,True,True,[209],[0.90434784],79,107,21.501331329345703,28.79587173461914,84,112,25.180387496948242,32.51908874511719,35.58881759643555,42.50824201653241
357,154,0,1.8973714213599406,True,True,True,[44],[0.6363636],47,70,25.68022346496582,37.736289978027344,74,74,30.36751937866211,30.36751937866211,46.638282775878906,42.28865200063969
358,154,18,0.2999267578125,True,False,True,[55 21],[0.75       0.00641026],16,16,3.8428263664245605,3.8428263664245605,19,19,5.310987949371338,5.310987949371338,4.749349117279053,36.70732636060235
359,155,73,0.29998779296875,True,True,True,[71],[0.7870968],144,144,23.348377227783203,23.348377227783203,133,133,23.40478515625,23.40478515625,28.856260299682617,29.139281954851587
360,156,15,0.300048828125,False,True,True,[27],[0.73493975],44,66,12.888044357299805,18.857088088989258,58,78,11.065299034118652,18.13017463684082,23.30547523498535,25.918166093364725
361,156,26,0.3000030517578125,True,False,True,[51],[0.76859504],55,100,17.974637985229492,33.05452346801758,56,114,15.914337158203125,30.957761764526367,40.852088928222656,35.53553285731314
362,156,29,0.3000030517578125,True,False,True,[61 10],[0.7886179  0.00665557],111,111,39.834842681884766,39.834842681884766,109,109,31.877853393554688,31.877853393554688,49.23188400268555,40.06106623449197
363,156,90,0.2999267578125,True,False,True,[57],[0.85795456],157,157,30.972244262695312,30.972244262695312,170,170,35.82574462890625,35.82574462890625,38.27859878540039,45.35826854336632
364,158,16,0.29998779296875,True,True,True,[58],[0.89915967],89,111,21.076351165771484,28.592729568481445,89,115,21.892072677612305,29.726430892944336,35.3377571105957,39.023307172570334
365,158,18,0.29998779296875,True,False,True,[52],[0.8962963],127,127,20.0035343170166,20.0035343170166,129,129,28.532329559326172,28.532329559326172,24.722368240356445,38.15203624108961
366,159,8,0.29998779296875,True,True,True,[90  1],[0.8689655  0.00546448],137,137,29.865558624267578,29.865558624267578,134,134,29.871627807617188,29.871627807617188,36.91084671020508,37.286142592120946
367,159,10,1.5,True,False,True,[73],[0.94],96,96,30.26468276977539,30.26468276977539,98,98,26.334503173828125,26.334503173828125,37.40412139892578,30.064434106004263
368,159,34,0.300048828125,True,False,True,[47 18],[0.8518519  0.00091575],115,127,31.398447036743164,34.528804779052734,110,123,29.028926849365234,32.58312225341797,42.67415237426758,37.69260726325635
369,159,36,0.300048828125,False,True,True,[29],[0.733871],88,100,15.546394348144531,19.468902587890625,91,115,16.21441078186035,22.406787872314453,24.061616897583008,27.97658588989183
370,159,37,0.29998779296875,True,True,True,[31],[0.8681319],169,169,40.737701416015625,40.737701416015625,171,171,37.08473587036133,37.08473587036133,50.34772872924805,38.76900969316853
371,160,53,0.2999267578125,True,True,True,[102   9],[0.82198954 0.00110889],175,175,38.92006301879883,38.92006301879883,173,173,35.22966766357422,35.22966766357422,48.1013069152832,40.1845384598937
372,160,58,0.6708067454088067,False,True,True,[33],[0.8811881],92,92,18.22102165222168,18.22102165222168,98,98,21.519376754760742,21.519376754760742,22.51936149597168,29.015987857272357
373,160,64,0.29999542236328125,True,True,True,[27],[0.00979653],39,39,14.002867698669434,14.002867698669434,-1,-1,-1.0,-1.0,17.30614471435547,-1.0
374,161,0,0.3000030517578125,True,False,True,[104],[0.81],64,87,12.830208778381348,17.139680862426758,68,94,15.671475410461426,20.600473403930664,21.182931900024414,29.985237209112718
375,161,2,0.29998779296875,True,True,True,[98],[0.861244],113,192,27.41876220703125,47.99079895019531,125,197,22.21283721923828,39.9150505065918,59.311832427978516,48.60668100247816
376,161,80,0.2999267578125,True,False,True,[82],[0.72105265],158,168,36.95998764038086,40.11698913574219,159,159,32.921173095703125,32.921173095703125,49.580589294433594,43.83313898709388
377,161,85,0.29998779296875,True,True,True,[37],[0.84810126],73,73,20.410314559936523,20.410314559936523,73,73,19.21822738647461,19.21822738647461,25.225109100341797,35.74357872414534
378,162,0,0.5196161237226826,True,False,True,[23 18],[0.7821782  0.00226757],52,84,17.02698516845703,26.2655029296875,53,96,13.051148414611816,24.971466064453125,32.4615364074707,39.771630620266095
379,162,35,0.29998779296875,True,True,True,[32 17],[0.7972028  0.00166389],101,135,23.958593368530273,35.80958557128906,89,122,22.216665267944336,35.88706970214844,44.2570686340332,47.00905460511996
380,162,61,0.5196381493437988,False,True,True,[21],[0.8701299],70,70,23.05160140991211,23.05160140991211,74,74,25.414649963378906,25.414649963378906,28.48947525024414,36.98311133859571
381,162,64,0.29998779296875,True,True,True,[51],[0.8446602],186,186,49.77601623535156,49.77601623535156,194,194,42.69466018676758,42.69466018676758,61.51818084716797,46.50182399069042
382,163,7,1.199981689453125,True,True,True,[25],[0.9047619],18,79,10.11530876159668,27.612146377563477,68,81,27.157014846801758,31.294361114501953,34.1258544921875,39.816144706615596
383,163,8,0.2999267578125,True,True,True,[26],[0.8153846],153,173,33.85298156738281,39.72427749633789,162,181,30.135074615478516,35.28179931640625,49.095237731933594,40.42124052407649
384,163,12,0.2999267578125,True,True,True,[27],[0.575],27,56,9.394363403320312,19.87614631652832,45,70,10.19801139831543,19.459348678588867,24.564929962158203,33.26499031574162
385,163,20,1.5588527753413557,True,True,True,[71],[0.796748],80,103,21.368511199951172,30.198345184326172,85,118,25.088354110717773,34.97158432006836,37.32213592529297,43.43203261970462
386,163,103,0.29998779296875,True,False,True,[97  1],[0.8175676  0.00917431],107,136,22.135334014892578,28.23293685913086,103,133,22.30838394165039,30.3262939453125,34.893089294433594,36.798633518742164
387,165,2,0.29998779296875,False,True,True,[24 20],[0.7894737  0.00090827],66,66,17.116403579711914,17.116403579711914,70,70,17.243314743041992,17.243314743041992,21.154163360595703,20.117524148107293
388,165,21,0.3000030517578125,True,False,True,[41],[0.66292137],68,68,28.061569213867188,28.061569213867188,70,80,22.402578353881836,24.579421997070312,34.68129348754883,32.76041010509555
389,165,80,0.4242468053627785,True,True,True,[55],[0.8366013],105,132,21.596534729003906,27.82583999633789,118,149,29.42608070373535,36.51865005493164,34.389957427978516,40.46356962470734
390,166,0,0.29998779296875,True,True,True,[45],[0.6372549],38,73,9.815279006958008,19.97542381286621,56,94,18.474510192871094,30.174699783325195,24.6876277923584,43.500453166465235
391,166,35,0.5999908447265625,True,False,True,[39],[0.8039216],69,91,18.549701690673828,24.311996459960938,70,93,16.56541633605957,22.54285430908203,30.047197341918945,24.043628783422424
392,167,7,0.29998779296875,True,True,True,[58],[0.825],97,145,19.137271881103516,32.43061065673828,101,147,19.955936431884766,35.174896240234375,40.08099365234375,51.83626593256659
393,167,17,0.2999267578125,True,True,True,[37],[0.8134328],47,120,10.10573959350586,30.80545997619629,44,123,9.141877174377441,32.39527893066406,38.07246780395508,36.25312793697829
394,167,76,0.6708203954712708,True,True,True,[84],[0.185567],19,19,2.5549163818359375,2.5549163818359375,-1,-1,-1.0,-1.0,3.157621383666992,-1.0
395,168,10,0.29998779296875,True,True,True,[34 33],[0.6315789  0.09638554],20,79,7.044864654541016,30.1220760345459,30,76,8.815406799316406,26.326452255249023,37.227874755859375,35.90192237690802
396,168,43,0.300048828125,True,False,True,[50 20],[0.8        0.00140647],35,35,15.133517265319824,15.133517265319824,37,37,13.542244911193848,13.542244911193848,18.703514099121094,15.034669768301727
397,168,96,0.29998779296875,True,True,True,[67 14],[8.730159e-01 5.704507e-04],60,60,14.490948677062988,14.490948677062988,58,58,12.843842506408691,12.843842506408691,17.909364700317383,15.65644991881477
398,169,19,1.199981689453125,True,True,True,[69],[0.85555553],130,159,35.11082458496094,48.012664794921875,141,175,30.43951416015625,41.37457275390625,59.3388557434082,45.989212256284816
399,169,42,0.3000030517578125,True,True,True,[49],[0.8030303],93,109,20.75765609741211,29.389328002929688,96,129,22.17901611328125,31.579025268554688,36.32227325439453,48.158842484372656
400,169,44,0.29998779296875,True,True,True,[57],[0.5645161],74,74,17.63482666015625,17.63482666015625,79,120,15.54240608215332,29.555686950683594,21.794883728027344,35.52866493959128
401,169,84,0.3000030517578125,True,False,True,[97 11],[7.8947371e-01 2.4455859e-04],109,116,25.567033767700195,28.465927124023438,108,122,22.674762725830078,25.855350494384766,35.1810417175293,29.70215012412674
402,169,96,0.7348481707429317,True,True,True,[119],[0.775641],123,136,25.108673095703125,30.03752326965332,129,141,22.617664337158203,27.816068649291992,37.123374938964844,36.976685556175475
403,169,98,0.29998779296875,True,True,True,[73 21],[0.8974359  0.00232919],75,75,26.305679321289062,26.305679321289062,73,73,25.661895751953125,25.661895751953125,32.51118850708008,39.60252326795287
404,170,36,0.29998779296875,True,True,True,[89],[0.66086954],46,81,9.753399848937988,19.814258575439453,65,110,11.474424362182617,23.709848403930664,24.48844337463379,36.99257899259359
405,170,48,0.29998779296875,True,False,True,[55],[0.71428573],64,64,33.75392150878906,33.75392150878906,68,68,29.007457733154297,29.007457733154297,41.71647262573242,36.60677412031288
406,171,2,0.29998779296875,True,True,True,[59],[0.8502994],95,152,23.12503433227539,39.76171112060547,105,157,18.219993591308594,31.808101654052734,49.141502380371094,43.33593745001458
407,171,9,0.29998779296875,True,True,True,[86  2],[7.017544e-01 5.899705e-04],46,46,11.957770347595215,11.957770347595215,51,51,10.907081604003906,10.907081604003906,14.778609275817871,26.824019948146674
408,171,75,1.122508635286604,True,False,True,[80],[0.8301887],46,46,14.889495849609375,14.889495849609375,51,51,13.968559265136719,13.968559265136719,18.401927947998047,18.358589377470466
409,172,19,0.29998779296875,True,True,True,[47],[0.16666667],6,6,1.9546618461608887,1.9546618461608887,-1,-1,-1.0,-1.0,2.415766716003418,-1.0
410,172,76,0.29998779296875,True,True,True,[66 16],[0.7621359  0.00391389],38,179,11.301403999328613,38.41374588012695,43,184,9.532625198364258,36.123138427734375,47.47555160522461,44.43571630924082
411,172,100,0.29998779296875,True,True,True,[65],[0.8939394],61,61,12.479829788208008,12.479829788208008,64,64,9.787087440490723,9.787087440490723,15.423822402954102,16.47168320524038
412,173,6,0.5999755859375,True,True,True,[85],[0.82312924],107,137,31.142431259155273,44.508522033691406,103,131,32.8366813659668,46.549530029296875,55.00808334350586,50.773090227820596
413,173,91,1.20001220703125,True,False,True,[72],[0.16153847],23,23,6.579066276550293,6.579066276550293,-1,-1,-1.0,-1.0,8.131068229675293,-1.0
414,174,67,1.5,True,False,True,[82],[0.07894737],15,15,4.379034519195557,4.379034519195557,-1,-1,-1.0,-1.0,5.412048816680908,-1.0
415,175,46,0.2999267578125,True,False,True,[26 17],[0.7027027  0.00286533],30,30,9.25153636932373,9.25153636932373,0,33,0.0,7.35758113861084,11.433974266052246,9.986612933672275
416,176,42,0.29998779296875,True,False,True,[43 14],[0.47058824 0.06451613],3,29,1.2628093957901,11.264261245727539,-1,-1,-1.0,-1.0,13.921501159667969,-1.0
417,176,64,0.29998779296875,True,False,True,[82],[0.89171976],122,146,26.63861846923828,34.008182525634766,123,151,30.878150939941406,39.21312713623047,42.03071594238281,45.82069695672752
418,177,11,0.29998779296875,True,True,True,[65],[0.8488372],75,75,22.95357894897461,22.95357894897461,84,84,28.263456344604492,28.263456344604492,28.368330001831055,32.82188815679548
419,177,13,inf,False,False,True,[66],[0.8358209],58,58,19.641544342041016,19.641544342041016,65,65,22.554668426513672,22.554668426513672,24.274986267089844,23.81819717524616
420,177,75,0.29999542236328125,True,True,True,[49],[0.77472526],133,153,26.937559127807617,30.437339782714844,170,170,34.211002349853516,34.211002349853516,37.61750793457031,39.249726354898684
