,index,id,attach_dist,is_attached,is_contained,is_matched,match_ids,match_overlaps,primary_pix,total_pix,primary_deposition,total_deposition,ke
0,0,57,0.5999908447265625,True,True,True,[25 23],[0.71153843 0.22      ],37,49,13.576510429382324,17.554288864135742,23.01705216427673
1,0,71,0.29998779296875,True,False,True,[38],[0.00281558],19,19,3.419330596923828,3.419330596923828,28.16519865572318
2,1,34,0.29999542236328125,False,True,True,[111],[0.7480916],112,112,22.02112579345703,22.02112579345703,23.27605972331468
3,1,105,0.3000030517578125,True,True,True,[41 45],[0.7125     0.00530612],148,148,31.942291259765625,31.942291259765625,44.41868159298755
4,3,37,1.199981689453125,True,True,True,[29],[0.8490566],36,47,9.966252326965332,14.88894271850586,20.129176126364026
5,3,42,0.9486784728100077,True,True,True,[10],[0.7037037],93,125,24.33940887451172,35.50560760498047,44.95093777244585
6,3,69,inf,False,False,True,[68],[0.5064935],41,41,8.522541046142578,8.522541046142578,46.106824660629144
7,3,84,0.3000030517578125,True,True,True,[14 13],[0.30272108 0.26086956],112,159,23.75726318359375,35.871734619140625,42.3570384040298
8,4,75,0.29998779296875,True,True,True,[90],[0.2243346],64,64,17.009193420410156,17.009193420410156,19.90708783827023
9,4,91,1.2369405696937397,True,True,True,[96],[0.8778626],127,127,28.534862518310547,28.534862518310547,48.22103861556101
10,4,103,0.29998779296875,True,True,True,[3 4],[0.7704918  0.00961538],32,52,14.641059875488281,21.483936309814453,26.24400476496823
11,5,59,0.29998779296875,True,True,True,[0 1],[0.7987013  0.00164474],122,141,28.922122955322266,36.141517639160156,45.862723648992535
12,6,31,0.2999267578125,False,True,True,[92 94],[0.6535433  0.02866242],88,101,22.66206169128418,27.245731353759766,35.86611534610182
13,6,52,0.3000030517578125,True,True,True,[25 26],[0.79591835 0.00197824],27,44,16.934886932373047,23.546981811523438,37.70338798044961
14,6,63,0.29998779296875,True,True,True,[76 79],[0.71428573 0.00728787],111,122,28.222829818725586,30.17710304260254,46.50266848896188
15,6,64,0.29998779296875,True,True,True,[41 42],[0.82954544 0.00724638],164,164,38.608970642089844,38.608970642089844,51.37497393840462
16,7,104,0.9487025992579593,True,True,True,[97],[0.8448276],53,53,12.621498107910156,12.621498107910156,14.808896522732388
17,7,111,0.3000030517578125,True,True,True,[32],[0.8768116],133,133,32.74768829345703,32.74768829345703,42.02631389666506
18,8,68,0.3000030517578125,True,True,True,[8 9],[0.7099237  0.00215401],100,119,16.230825424194336,23.866968154907227,26.92346025983445
19,8,76,0.29998779296875,True,True,True,[50 51],[0.71794873 0.01574803],35,35,8.588043212890625,8.588043212890625,9.72656827041851
20,8,90,0.3000030517578125,True,False,True,[27 32],[8.9534885e-01 3.6469731e-04],44,84,13.147516250610352,24.729379653930664,32.490632864106146
21,8,129,1.3416510224241074,True,True,True,[157],[0.8207547],91,101,21.544225692749023,25.195722579956055,31.409103424514313
22,9,36,0.29998779296875,True,True,True,[39 44],[7.500000e-01 4.789272e-04],110,110,26.9373779296875,26.9373779296875,34.68386097474512
23,10,47,0.2999267578125,False,True,True,[140 142],[0.7762238 0.0042061],129,129,29.601194381713867,29.601194381713867,32.61141868456201
24,10,56,0.29998779296875,True,True,True,[184],[0.00196657],6,6,0.9280344247817993,0.9280344247817993,28.271903069953975
25,10,110,0.2999267578125,True,False,True,[155],[0.7903226],113,113,21.350618362426758,21.350618362426758,36.57502048557027
26,10,157,0.3000030517578125,True,True,True,[157 160],[0.7395833  0.00288779],88,88,30.104917526245117,30.104917526245117,39.89091740370047
27,11,44,0.3000030517578125,True,True,True,[77 79],[0.6744186  0.00410317],153,153,26.884780883789062,26.884780883789062,31.422266127901842
28,11,58,0.29998779296875,True,True,True,[18 19],[0.80898875 0.00425532],83,83,21.491806030273438,21.491806030273438,28.918454928359182
29,12,51,0.300018310546875,True,True,True,[13 14],[0.6768293  0.00506971],86,145,18.59285545349121,38.70342254638672,50.59319541182748
30,12,60,0.4243007545635366,True,True,True,[61],[0.80349344],210,210,36.76453399658203,36.76453399658203,42.62083973335282
31,12,70,1.3076479797249039,True,True,True,[19],[0.7058824],68,68,14.113428115844727,14.113428115844727,18.688864272641613
32,13,32,0.29998779296875,True,False,True,[103],[0.7762238],42,129,7.842041969299316,32.1097412109375,45.14066867052813
33,13,102,0.3000030517578125,True,False,True,[69 70],[8.3783782e-01 5.0890585e-04],105,105,24.94965171813965,24.94965171813965,30.006872382891583
34,14,45,0.29998779296875,False,True,True,[70 83 78 84],[0.557047   0.02139037 0.00574713 0.00478469],125,140,24.201086044311523,29.885791778564453,47.350623020504
35,14,90,0.29998779296875,True,True,True,[100 102],[0.6394558  0.11594203],100,130,16.881378173828125,26.861923217773438,30.520917869952513
36,14,91,0.2999267578125,True,True,True,[19 21],[8.1250000e-01 7.8678207e-04],32,45,21.727832794189453,26.655929565429688,35.37514465050472
37,14,140,0.2999267578125,True,True,True,[134 135],[0.62711865 0.01092354],96,135,21.862993240356445,31.151477813720703,36.18331121341559
38,15,42,0.29998779296875,True,True,True,[152 156],[8.3898306e-01 1.8115943e-04],107,107,23.86836814880371,23.86836814880371,31.10690267801999
39,15,57,0.6707862766929261,True,True,True,[142 141],[0.5882353  0.22916667],34,47,19.569074630737305,23.522241592407227,42.77009034982358
40,15,133,0.29998779296875,True,False,True,[150 151],[0.877193   0.01398601],113,113,25.448305130004883,25.448305130004883,29.308425094382336
41,15,168,0.29998779296875,True,True,True,[178],[0.01032541],127,127,21.25506019592285,21.25506019592285,38.5046991131455
42,15,179,0.2999267578125,True,False,True,[65 69],[0.72727275 0.00138026],7,52,2.1478071212768555,15.596091270446777,33.46389099102332
43,17,75,0.29998779296875,True,True,True,[112 113],[0.8        0.00769231],105,105,22.900981903076172,22.900981903076172,27.727977481590248
44,17,97,0.29998779296875,True,True,True,[37 38],[0.8169014 0.0011236],135,135,32.853546142578125,32.853546142578125,46.36958638920896
45,17,100,0.29998779296875,True,True,True,[79 82],[0.84976524 0.00177226],115,208,17.891433715820312,41.78618621826172,49.40501744660926
46,17,119,0.29998779296875,True,True,True,[19],[0.8425197],102,116,30.84857940673828,36.27555465698242,47.90039146646006
47,18,82,0.29998779296875,True,True,True,[63 64],[0.8363636  0.01212121],52,52,17.83746337890625,17.83746337890625,48.512843105213236
48,18,87,0.29998779296875,True,True,True,[21],[0.7916667],43,43,12.290840148925781,12.290840148925781,13.746888075822017
49,18,88,0.29998779296875,True,False,True,[19 20],[0.8041237  0.00804829],90,90,18.05848503112793,18.05848503112793,47.16752541980316
50,18,90,0.29998779296875,True,True,True,[16 18],[0.85714287 0.00102119],93,122,25.593364715576172,35.969669342041016,45.42892803700798
51,19,55,0.29998779296875,True,True,True,[199],[0.00174216],10,10,2.1271371841430664,2.1271371841430664,11.307002987515148
52,19,56,0.3000030517578125,True,True,True,[8 9],[0.62601626 0.01948052],20,106,4.4452691078186035,27.999603271484375,48.69554439085351
53,19,74,0.2999267578125,True,True,True,[155 158 159],[5.6969696e-01 2.4698795e-01 3.3624747e-04],49,160,9.346248626708984,42.19989013671875,50.01742470088209
54,19,82,0.300048828125,True,True,True,[39],[0.65217394],78,107,18.712480545043945,27.34113121032715,32.34285551433839
55,19,126,1.20001220703125,True,True,True,[156 157],[0.8454546  0.07407407],11,105,4.725685119628906,39.614871978759766,45.138900619779676
56,20,56,inf,False,False,True,[91 92],[0.7297297  0.07352941],35,35,7.415194511413574,7.415194511413574,9.803264984293682
57,20,68,0.29998779296875,True,True,True,[103],[0.6753247],108,108,26.223052978515625,26.223052978515625,39.46973021522213
58,21,24,0.29998779296875,True,True,True,[5],[0.7941176],111,151,25.522602081298828,38.1082649230957,42.24444921122191
59,21,52,0.29998779296875,True,True,True,[64],[0.8016529],111,111,21.788604736328125,21.788604736328125,25.944272133935225
60,21,53,0.2999267578125,True,True,True,[66],[0.8715596],100,100,24.24626922607422,24.24626922607422,32.431442885315356
61,23,84,0.2999267578125,True,True,True,[115 116],[0.775641   0.00744417],134,134,32.57783508300781,32.57783508300781,50.257473577662324
62,23,92,0.3000030517578125,True,True,True,[57],[0.74825174],127,127,31.765125274658203,31.765125274658203,41.90307143729281
63,23,98,0.29998779296875,True,False,True,[95],[0.35973597],134,134,26.9908447265625,26.9908447265625,51.13182205214449
64,24,23,0.29998779296875,False,False,True,[36],[0.7804878],67,67,18.489042282104492,18.489042282104492,37.02397497517869
65,25,35,0.300018310546875,False,True,True,[4],[0.8],30,30,14.052618980407715,14.052618980407715,15.961288869840859
66,25,118,0.29998779296875,True,True,True,[33 34],[9.2890996e-01 5.1466806e-04],206,206,41.16156005859375,41.16156005859375,44.946181880159564
67,25,119,0.29998779296875,True,True,True,[104 106],[0.7966102 0.0060241],115,115,26.91103172302246,26.91103172302246,41.19195517143066
68,26,36,0.3000030517578125,True,True,True,[30],[0.75342464],193,193,31.59850311279297,31.59850311279297,35.79676130497232
69,26,55,0.29998779296875,True,True,True,[83 84],[0.82236844 0.00146556],123,144,28.808467864990234,37.945220947265625,50.064228877741
70,26,86,0.29998779296875,True,True,True,[8 9],[0.6869565  0.00193798],91,91,27.3446102142334,27.3446102142334,46.51097028648286
71,27,35,0.29999542236328125,True,True,True,[68 74],[8.9041096e-01 6.1074918e-04],142,142,34.14671325683594,34.14671325683594,41.294049590802686
72,27,36,0.9950067602297026,True,True,True,[78],[0.92],121,121,22.48366355895996,22.48366355895996,26.9331260715497
73,27,79,0.29998779296875,True,True,True,[80 82],[8.5714287e-01 7.3367573e-04],51,51,13.75789737701416,13.75789737701416,20.71527887315738
74,29,36,0.29998779296875,True,False,True,[91 92],[0.7987013  0.01601424],85,139,22.26616668701172,36.73869323730469,40.66061484276786
75,29,42,0.5999755859375,True,True,True,[41],[0.91608393],114,136,24.41388702392578,30.913707733154297,35.61146646567989
76,29,49,0.29998779296875,True,False,True,[95 96],[0.7297297  0.05857741],104,104,21.489728927612305,21.489728927612305,37.80317211899464
77,29,52,0.29998779296875,True,True,True,[122 120],[0.63265306 0.01639344],43,43,9.88953971862793,9.88953971862793,16.427855163094957
78,29,55,0.29998779296875,True,True,True,[93 94],[7.3124999e-01 6.8399456e-04],104,131,21.408260345458984,30.583995819091797,44.69525884768274
79,30,25,1.529703460128878,False,True,True,[52],[0.8598131],101,101,26.60989761352539,26.60989761352539,32.03335485724616
80,30,38,0.2999267578125,True,True,True,[64 65],[0.7684729  0.00107181],140,171,22.339603424072266,30.875307083129883,45.72188851046002
81,30,42,0.3000030517578125,True,True,True,[42 46],[6.6666669e-01 3.2894738e-04],31,55,13.33784294128418,20.372106552124023,27.72510391218255
82,31,30,0.29999542236328125,False,True,True,[81 82],[0.72727275 0.00613497],84,118,22.75430679321289,32.81509780883789,45.05975176757117
83,31,31,0.3000030517578125,True,True,True,[30 31],[0.9039548  0.00137931],169,169,30.64373207092285,30.64373207092285,36.275077701521695
84,32,84,0.300048828125,True,True,True,[114 115],[8.0645162e-01 5.9772865e-04],84,84,16.51255226135254,16.51255226135254,18.109386252869136
85,32,110,0.4242036491853643,True,True,True,[108 109 110 111],[0.43835616 0.24342105 0.18881118 0.05263158],126,141,31.265186309814453,35.225257873535156,42.36771008467318
86,32,115,0.2999267578125,True,True,True,[90 91],[6.1052632e-01 4.7801147e-04],65,65,13.766021728515625,13.766021728515625,17.10384315246155
87,33,30,0.2999267578125,True,False,True,[29 30],[0.8541667  0.00167224],89,89,33.74445343017578,33.74445343017578,38.303752817221685
88,33,71,0.3000030517578125,True,True,True,[ 96  97 119],[6.3861388e-01 2.6130652e-01 5.9347181e-04],194,194,40.82997512817383,40.82997512817383,46.443473206375934
89,33,75,0.9000244140625,True,True,True,[27 28],[0.8914729  0.00140647],122,122,24.86961555480957,24.86961555480957,31.708409647573703
90,34,31,0.300018310546875,False,True,True,[23 27],[4.5977011e-01 4.3601482e-04],30,80,5.521712779998779,19.21652603149414,22.688120387930702
91,34,79,0.29998779296875,True,False,True,[29 28],[0.7780105 0.0206422],368,869,108.74595642089844,232.90127563476562,291.55899530993463
92,34,113,0.2999267578125,True,True,True,[40 41],[0.68421054 0.00588235],52,52,14.539722442626953,14.539722442626953,18.624665354112402
93,34,114,0.300018310546875,True,True,True,[102 103],[0.78014183 0.00148368],126,126,24.53557586669922,24.53557586669922,27.323722063530276
94,35,83,0.29998779296875,True,False,True,[41 43],[0.7281553 0.001606 ],73,92,23.460203170776367,31.598880767822266,49.59165362905688
95,35,127,0.29998779296875,True,False,True,[109 110],[0.76033056 0.00775194],211,222,36.14789962768555,38.686424255371094,48.389938037575746
96,36,50,0.29998779296875,True,True,True,[18 19 22],[0.17123288 0.16666667 0.02275561],82,144,18.569557189941406,35.10275650024414,51.572609372401836
97,36,72,2.4000244140625,True,True,True,[102],[0.8115942],60,60,11.186153411865234,11.186153411865234,11.653887694895849
98,36,102,0.29998779296875,True,True,True,[46 47],[0.63829786 0.0170068 ],45,45,9.300848007202148,9.300848007202148,16.816281579342792
99,36,115,0.2999267578125,True,True,True,[32 33],[7.9661018e-01 6.2460965e-04],73,104,14.915611267089844,26.783538818359375,50.173278295724494
100,36,116,0.2999267578125,True,True,True,[44 45],[0.6953125  0.01654412],98,114,21.100452423095703,27.38233757019043,40.238831170480914
101,37,77,0.29998779296875,True,True,True,[33 35],[8.4920633e-01 3.0120483e-04],87,120,20.854856491088867,36.62734603881836,50.47082226974052
102,37,96,0.29998779296875,True,True,True,[49 50],[0.6969697  0.00266362],31,31,12.634684562683105,12.634684562683105,15.344603495577934
103,38,51,0.300018310546875,True,False,True,[101 102],[0.84090906 0.01014199],82,82,22.10313606262207,22.10313606262207,48.22277061106254
104,38,72,0.3000030517578125,True,True,True,[29 30],[0.8305085  0.00200401],111,111,35.31226348876953,35.31226348876953,39.70287092514896
105,39,34,0.29998779296875,False,True,True,[32],[0.737931],122,122,29.623210906982422,29.623210906982422,39.68244097164129
106,40,52,0.29998779296875,True,True,True,[67],[0.7631579],98,98,24.160642623901367,24.160642623901367,34.7940785226188
107,40,56,0.3000030517578125,True,False,True,[18 19],[0.33870968 0.07051282],61,155,12.03293228149414,35.76673126220703,52.09249747424045
108,40,82,0.424289965930668,True,True,True,[51 52],[0.82285714 0.00257732],151,162,36.18743896484375,39.91960525512695,48.85764265193117
109,40,90,0.29998779296875,True,True,True,[20 21],[0.575      0.00105097],75,75,22.01831817626953,22.01831817626953,48.34361652535143
110,41,107,0.2999267578125,True,True,True,[88 90],[0.7032967  0.00178771],149,165,30.536563873291016,39.12335205078125,46.810698444992326
111,41,110,inf,False,False,False,[],[],12,12,2.940307140350342,2.940307140350342,31.82978030075712
112,42,35,0.29998779296875,True,True,True,[5],[0.77678573],62,94,18.437313079833984,34.24298095703125,42.45492008824252
113,42,38,0.29998779296875,True,False,True,[0 1 2],[0.5420561  0.23584905 0.03539823],49,100,15.27570629119873,32.45857620239258,47.44617945857878
114,43,62,0.424268384549216,True,True,True,[24 25],[0.82258064 0.01041667],108,123,25.14451026916504,29.682207107543945,35.022539019928146
115,43,79,0.29998779296875,True,False,True,[78 79],[0.55       0.01023018],7,19,1.5565868616104126,7.503184795379639,17.21892583049471
116,43,97,0.3000030517578125,True,True,True,[92],[0.77884614],56,89,10.16010856628418,22.743375778198242,33.74491954800547
117,43,98,0.4242468053627785,True,True,True,[2 3],[0.64761907 0.00218341],66,87,26.886192321777344,39.43096923828125,49.225773642471445
118,44,73,0.600006103515625,True,False,True,[34],[0.7586207],24,24,8.137039184570312,8.137039184570312,18.28623573935066
119,44,76,0.29998779296875,True,True,True,[5 8],[0.67948717 0.0082086 ],75,141,12.78605842590332,29.847585678100586,34.88765438104722
120,45,112,0.29999542236328125,True,True,True,[129 130],[0.85263157 0.00715137],91,91,17.551847457885742,17.551847457885742,38.363871899070695
121,46,53,0.3000030517578125,True,True,True,[38],[0.7819149],161,161,34.05825424194336,34.05825424194336,43.44694433867923
122,46,101,0.29998779296875,True,True,True,[31 32],[0.83516484 0.01619433],89,89,19.740272521972656,19.740272521972656,40.40124001812972
123,46,112,0.29998779296875,True,True,True,[59 60 61],[0.6581197  0.11504425 0.00698893],89,112,16.51776695251465,22.409400939941406,34.84602342443805
124,47,65,0.300018310546875,True,True,True,[59 95],[0.49805447 0.05704307],69,240,12.295717239379883,42.558074951171875,48.68992147316572
125,47,81,0.29998779296875,True,True,True,[29 30],[0.7924528  0.00283286],49,49,11.470191955566406,11.470191955566406,18.468063603881955
126,48,33,0.29998779296875,True,True,True,[34 35],[0.79518074 0.00514801],80,80,25.757305145263672,25.757305145263672,29.648654377401943
127,49,35,inf,False,True,True,[21],[0.8043478],24,44,10.879988670349121,15.579785346984863,25.55780937629378
128,49,39,0.300048828125,True,True,True,[32],[0.78636366],177,191,39.09939193725586,43.03691864013672,49.57495142150211
129,49,43,0.60003662109375,True,True,True,[69 68 71],[5.9649122e-01 2.2641510e-01 5.1072525e-04],36,53,11.364280700683594,16.007343292236328,24.32780426704946
130,49,45,0.2999267578125,True,False,True,[34 36],[0.6031746  0.01005587],53,53,27.440555572509766,27.440555572509766,43.16234228403586
131,49,60,0.2999267578125,True,True,True,[14 20],[8.0555558e-01 6.3593005e-04],122,139,23.168590545654297,27.742740631103516,32.327610568049316
132,50,111,0.29998779296875,True,True,True,[28 29],[0.79569894 0.00839329],89,89,26.250164031982422,26.250164031982422,34.076215133936856
133,51,36,0.2999267578125,False,True,True,[12 16],[0.73015875 0.02075472],59,59,13.535354614257812,13.535354614257812,43.69175931248607
134,51,89,0.29999542236328125,True,True,True,[6],[0.30699775],131,160,31.734817504882812,38.16383743286133,52.229080911987595
135,52,131,0.2999267578125,True,False,True,[122],[0.11363637],7,7,2.582897901535034,2.582897901535034,46.30674218752859
136,53,93,0.6708272171878565,True,True,True,[0],[0.94392526],91,102,30.486244201660156,32.942169189453125,44.52390827336736
137,54,43,0.4242791742796267,False,True,True,[23],[0.75],30,53,8.38376235961914,18.919801712036133,31.062527886876197
138,54,94,0.3000030517578125,True,True,True,[117 118],[0.54545456 0.02678571],11,11,3.903305768966675,3.903305768966675,34.714797734011945
139,54,96,0.9486495213915175,True,True,True,[115],[0.89855075],133,133,32.071834564208984,32.071834564208984,37.86952221156773
140,54,105,0.29998779296875,True,True,True,[59 61],[0.754717   0.00493653],48,48,13.489450454711914,13.489450454711914,15.323608713672723
141,54,110,0.2999267578125,True,True,True,[110],[0.75],28,67,7.815134525299072,17.494199752807617,22.334598025831216
142,55,39,0.2999267578125,True,True,True,[19 28],[0.5681818  0.00118644],41,41,10.242565155029297,10.242565155029297,16.892963299319113
143,55,131,0.9949975598122411,True,True,True,[97],[0.8040541],57,127,12.068138122558594,25.822364807128906,36.29690968613359
144,56,89,0.3000030517578125,True,True,True,[75 50],[0.7826087  0.00724638],138,138,36.89012908935547,36.89012908935547,46.85574444077847
145,57,35,0.2999267578125,True,True,True,[30],[0.00081301],1,1,0.05209875479340553,0.05209875479340553,0.6258688410658009
146,57,36,inf,False,True,True,[29 30],[0.8582677 0.0022338],116,116,26.80447006225586,26.80447006225586,34.68398524027766
147,57,66,0.29998779296875,True,True,True,[0 1],[0.8        0.00387097],111,129,21.88982391357422,26.738651275634766,36.55441509326103
148,57,127,0.29998779296875,True,False,True,[27 28],[0.89411765 0.00398406],158,158,35.136478424072266,35.136478424072266,43.15203804629618
149,58,45,0.3000030517578125,True,False,True,[31 33],[8.382353e-01 8.377548e-04],121,121,26.144580841064453,26.144580841064453,43.187401840951985
150,59,40,0.9486736475940446,True,True,True,[81],[0.77697843],121,121,32.76766586303711,32.76766586303711,43.95575362497895
151,59,44,0.29998779296875,True,False,True,[0 1],[0.63448274 0.00655738],88,119,17.881568908691406,25.711715698242188,33.50941883890676
152,59,90,0.3000030517578125,True,False,True,[33 34 70],[0.28915662 0.15853658 0.1218638 ],35,81,6.548957824707031,18.972816467285156,46.3326679314908
153,61,24,0.29998779296875,False,True,True,[49 51],[0.79746836 0.00666667],38,137,9.299161911010742,38.04099655151367,45.67665912580361
154,63,79,0.4242575950931961,True,True,True,[0 1],[0.80991733 0.00105876],103,103,32.38938522338867,32.38938522338867,38.85517850613583
155,63,90,0.29998779296875,True,True,True,[8 9],[0.7474227  0.00800854],123,177,25.853252410888672,40.20552444458008,50.53013230045208
156,63,92,inf,False,True,True,[59],[0.7721519],70,70,16.778743743896484,16.778743743896484,28.915426559595456
157,64,36,0.2999267578125,True,True,True,[37 38],[0.69536424 0.00303951],126,126,27.171737670898438,27.171737670898438,32.453755100150794
158,64,37,inf,False,False,True,[36],[0.9102564],75,75,18.315650939941406,18.315650939941406,38.92261533435982
159,64,108,0.29998779296875,True,False,True,[0 1],[0.8217054  0.01357466],115,115,28.73711585998535,28.73711585998535,43.906625823105564
160,65,54,0.899993896484375,True,True,True,[25  7],[0.73880595 0.1328125 ],110,128,22.364044189453125,29.45439910888672,40.140114940815664
161,66,37,0.300048828125,True,False,True,[32 33],[0.85       0.00103627],37,37,11.766650199890137,11.766650199890137,55.281884397373894
162,67,74,0.3000030517578125,True,True,True,[119 122],[8.207547e-01 6.112470e-04],97,97,23.122936248779297,23.122936248779297,30.301904074756564
163,67,81,0.2999267578125,True,True,True,[24 25],[0.14814815 0.01368421],27,27,7.881547927856445,7.881547927856445,9.978728287054906
164,67,83,0.29998779296875,True,True,True,[26 27],[0.73376626 0.00504414],130,130,24.865413665771484,24.865413665771484,33.377113442527786
165,67,109,0.29998779296875,True,True,True,[101],[0.74766356],91,91,22.21800422668457,22.21800422668457,30.652817352766522
166,67,115,0.29998779296875,True,True,True,[97 98],[0.72727275 0.03867403],65,101,24.47802734375,34.643245697021484,48.741295036749364
167,68,29,0.2999267578125,True,True,True,[ 6 11],[7.2666669e-01 1.5089785e-04],92,135,27.39661979675293,43.042259216308594,49.30973193480687
168,68,49,inf,False,False,True,[124],[0.7083333],28,47,6.151682376861572,11.107522010803223,38.13272788189853
169,68,89,0.3000030517578125,True,True,True,[16],[0.84782606],126,126,30.231048583984375,30.231048583984375,35.187505208818536
170,70,58,0.2999267578125,True,False,True,[169 170],[0.8562874  0.00166945],159,159,32.37369918823242,32.37369918823242,51.52929784640676
171,70,72,inf,False,True,True,[32 33],[0.7619048  0.06451613],97,116,28.6591796875,33.13664627075195,31.967964395431032
172,70,73,0.2999267578125,True,True,True,[167 168],[0.79545456 0.00127226],162,162,35.8199462890625,35.8199462890625,44.61227500839798
173,71,104,0.29998779296875,True,True,True,[110 111 113],[0.20833333 0.1632653  0.00694444],36,48,8.066171646118164,12.983564376831055,25.13530340930057
174,71,124,0.29998779296875,True,True,True,[108 143 109],[0.73880595 0.07518797 0.00214707],119,133,31.758636474609375,35.339813232421875,40.96269643137669
175,72,30,0.29998779296875,True,True,True,[21 22],[0.6666667 0.0097629],66,66,11.06729507446289,11.06729507446289,15.312658846323817
176,72,31,0.29999542236328125,True,True,False,[],[],9,9,3.1290574073791504,3.1290574073791504,13.123874845272837
177,72,71,0.2999267578125,True,True,True,[25 28],[0.5279503  0.00900129],136,136,31.25913429260254,31.25913429260254,37.88254748531253
178,73,45,0.29998779296875,True,True,True,[32 35],[0.4509804  0.00746753],49,49,13.795929908752441,13.795929908752441,19.6193240081785
179,74,43,0.29998779296875,True,True,True,[128 129],[0.8108108  0.01939058],139,139,38.05790710449219,38.05790710449219,44.99933288235338
180,74,69,0.4242575950931961,True,True,True,[30 31],[0.8923077  0.00215054],62,62,25.085004806518555,25.085004806518555,44.67854500899756
181,74,127,0.734898004471907,True,True,True,[130],[0.7659575],40,40,11.844879150390625,11.844879150390625,48.324714090816826
182,75,76,inf,False,True,True,[60],[0.8333333],45,45,11.038592338562012,11.038592338562012,35.95456480279286
183,76,34,0.29998779296875,True,True,True,[ 99 102],[0.814433   0.00186683],92,92,22.481557846069336,22.481557846069336,27.1891093107774
184,76,47,0.3000030517578125,True,False,True,[95 96],[0.76237625 0.0017234 ],89,89,26.008712768554688,26.008712768554688,44.25077478745454
185,76,92,0.29998779296875,True,True,False,[],[],109,109,18.694765090942383,18.694765090942383,26.206862556014464
186,76,98,0.2999267578125,True,False,True,[89],[0.84090906],182,196,35.35212707519531,38.95263671875,44.23178782605062
187,76,106,inf,False,False,True,[31 32],[0.61702126 0.175     ],38,38,12.316325187683105,12.316325187683105,43.88401050127603
188,78,37,0.29998779296875,True,True,True,[76 77],[0.4888889  0.00305344],55,55,11.584819793701172,11.584819793701172,33.89145488874843
189,78,52,2.418662183637384,True,True,True,[59],[0.10526316],38,38,18.23003387451172,18.23003387451172,44.24333851361847
190,78,63,0.4242468053627785,True,True,True,[74 75],[8.562874e-01 5.827506e-04],154,154,32.852657318115234,32.852657318115234,35.18879545315107
191,79,110,0.29998779296875,True,True,True,[63 65],[6.797753e-01 6.153846e-04],154,154,32.63787078857422,32.63787078857422,35.90020240066366
192,79,121,0.3000030517578125,True,True,True,[141],[0.32389936],124,124,25.30585289001465,25.30585289001465,38.2275032523836
193,79,122,1.20001220703125,True,False,True,[82],[0.85833335],110,110,26.30707359313965,26.30707359313965,37.22486979309325
194,80,55,1.2728015572029576,True,True,True,[35 37],[0.6396396 0.2      ],66,109,17.053340911865234,27.78549575805664,34.31704646792594
195,80,124,0.29998779296875,True,False,True,[84 85],[0.7967033 0.0019305],151,162,30.489736557006836,33.14356994628906,36.33335086560499
196,81,32,inf,False,True,True,[5],[0.6363636],22,22,5.642106533050537,5.642106533050537,40.24233899728915
197,81,50,0.29998779296875,True,True,True,[84 85],[0.74025977 0.00320513],61,61,15.51468276977539,15.51468276977539,25.41821749468301
198,82,31,0.2999267578125,True,True,True,[25 28],[0.8214286  0.00119689],100,100,24.349411010742188,24.349411010742188,31.09504308832177
199,83,28,0.300018310546875,True,True,True,[19],[0.8682635],97,155,22.43867301940918,41.19956970214844,44.98057782473153
200,83,29,0.2999267578125,False,True,True,[20 22],[0.87401575 0.00092937],120,120,28.790977478027344,28.790977478027344,33.77420476103542
201,84,53,0.4242575950931961,True,True,True,[3 4],[0.58762884 0.04484305],16,75,4.250139236450195,18.775714874267578,21.313610630958685
202,84,109,0.3000030517578125,True,True,True,[41 42],[0.75       0.01948052],30,30,11.115361213684082,11.115361213684082,41.346662915861245
203,84,124,0.2999267578125,True,True,True,[44 45],[0.76785713 0.00289855],210,210,38.92689895629883,38.92689895629883,45.61511413741196
204,84,125,0.29998779296875,True,True,True,[5 6],[0.875      0.00285714],45,84,15.441178321838379,27.74305534362793,41.514794864379645
205,85,51,0.29998779296875,True,True,True,[24 25],[0.7203792  0.00122549],154,167,29.646081924438477,33.638877868652344,49.984812018352685
206,85,52,0.6708067454088067,True,False,True,[29 30],[0.8727273  0.00628931],157,157,30.516864776611328,30.516864776611328,51.380826900782274
207,85,63,0.29998779296875,True,True,True,[26 28],[0.77272725 0.00196335],62,62,14.498827934265137,14.498827934265137,20.002269823788303
208,86,40,0.300048828125,True,True,True,[18 19 20],[0.53488374 0.31578946 0.00643087],75,75,14.208802223205566,14.208802223205566,22.803213692798742
209,86,41,0.29998779296875,True,True,True,[73 74],[0.81395346 0.00272851],149,149,28.942028045654297,28.942028045654297,34.26209075578004
210,86,55,0.29998779296875,True,False,True,[75 76],[0.87628865 0.00164204],91,91,25.95604705810547,25.95604705810547,50.19033287031746
211,86,86,0.29998779296875,True,True,True,[0 1],[0.6132597  0.01612903],64,152,13.576764106750488,36.335914611816406,47.264715240808655
212,87,41,0.3000030517578125,True,True,True,[8],[0.8245614],20,98,4.518887519836426,26.915142059326172,40.31204388533035
213,87,86,0.300018310546875,True,True,True,[36 37],[0.8357143  0.00134138],102,130,18.930286407470703,28.462188720703125,38.31018303303917
214,87,89,0.29998779296875,True,True,True,[95 96],[0.7236842  0.00149254],130,130,29.780410766601562,29.780410766601562,38.134836215687265
215,87,113,0.3000030517578125,True,False,True,[105],[0.8066038],184,184,36.335227966308594,36.335227966308594,51.59508979162963
216,88,29,0.29998779296875,True,True,True,[11 12],[0.74251497 0.01184433],155,155,36.32603454589844,36.32603454589844,43.03733609838233
217,88,54,0.29998779296875,True,False,True,[75],[0.80851066],126,126,34.157039642333984,34.157039642333984,34.95112780673892
218,90,25,0.899993896484375,True,True,True,[27],[0.7340425],54,172,12.44428539276123,39.71315002441406,47.19898135427823
219,91,162,0.29998779296875,True,False,True,[5 7],[0.6764706  0.00585601],54,116,13.449700355529785,35.24394607543945,41.606751582191784
220,92,115,0.2999267578125,True,True,True,[24],[0.76363635],71,100,28.96135139465332,37.93449020385742,48.86814887932613
221,92,124,0.3000030517578125,True,True,True,[103],[0.7173913],38,38,16.739730834960938,16.739730834960938,19.162556085006802
222,92,137,0.29999542236328125,True,True,True,[105],[0.72868216],111,111,20.31462860107422,20.31462860107422,25.36566762884524
223,93,108,inf,False,False,True,[50],[0.9047619],37,61,8.784340858459473,14.53504753112793,47.083412958866376
224,94,31,2.1424268198140557,False,False,True,[15 18 16],[0.7909091  0.00649351 0.00378788],107,107,29.817646026611328,29.817646026611328,43.994279962346994
225,94,39,0.29998779296875,True,True,True,[89 90],[0.78350514 0.00795756],91,91,18.808006286621094,18.808006286621094,20.660873287203795
226,94,42,0.3000030517578125,True,True,True,[81],[0.82222223],115,127,25.448057174682617,29.193571090698242,35.514526994893764
227,94,47,inf,False,True,False,[],[],16,16,5.399953842163086,5.399953842163086,28.656576496681634
228,94,70,0.2999267578125,True,True,True,[37 38],[0.7916667  0.00904977],68,68,18.899627685546875,18.899627685546875,22.778415281113798
229,94,78,0.3000030517578125,True,True,True,[79 80],[0.6097561  0.02651515],59,117,15.704718589782715,31.23556137084961,36.96119281264181
230,94,93,0.3000030517578125,True,True,True,[34],[0.74647886],59,59,15.727871894836426,15.727871894836426,18.27611072910409
231,94,101,0.300018310546875,True,True,True,[ 87 115  88],[0.8201058  0.03428571 0.00083091],175,175,37.9683952331543,37.9683952331543,44.14331410807207
232,95,44,1.8973472951880892,True,True,True,[126],[0.8867925],69,102,20.64224624633789,26.713294982910156,37.21176337538071
233,95,74,0.3000030517578125,True,True,True,[133 176],[0.648      0.01593252],25,113,5.0593791007995605,23.162202835083008,30.44048023604895
234,95,126,0.29998779296875,True,False,True,[16],[0.23958333],61,61,11.7105073928833,11.7105073928833,43.83432110621451
235,95,143,0.29998779296875,True,True,True,[143],[0.5671642],47,57,13.269590377807617,16.899288177490234,19.715923820143995
236,96,37,0.29998779296875,True,True,True,[10 12 11],[0.83653843 0.01030928 0.00125313],72,97,15.512070655822754,25.58719253540039,31.273539166353213
237,97,66,0.29998779296875,True,True,True,[80],[0.90123457],61,77,15.815709114074707,22.318098068237305,29.23190439536948
238,97,94,0.2999267578125,True,True,True,[22 23],[0.7164179  0.01048689],142,172,32.64241027832031,38.1156005859375,46.64419771716229
239,98,84,0.29998779296875,True,True,True,[97 98],[0.8082192  0.00176367],101,132,22.265451431274414,34.04438400268555,46.69928512182413
240,98,89,0.3000030517578125,True,False,True,[121 122],[7.592593e-01 7.163324e-04],72,99,16.154773712158203,22.709108352661133,25.372132291773813
241,98,122,0.29998779296875,True,False,False,[],[],7,7,1.3210240602493286,1.3210240602493286,25.05759542494103
242,98,124,0.3000030517578125,True,True,True,[88],[0.00072411],7,7,0.4180999994277954,0.4180999994277954,0.6258688410658009
243,99,103,0.3000030517578125,True,True,True,[42 44],[0.84313726 0.00104877],96,96,20.599477767944336,20.599477767944336,39.41208584872645
244,99,104,0.3000030517578125,True,True,True,[45],[0.8726415],202,202,37.809059143066406,37.809059143066406,50.43878285039511
245,100,78,0.3000030517578125,True,True,True,[25],[0.82098764],143,143,32.71188735961914,32.71188735961914,48.610927448113145
246,100,94,0.29998779296875,True,True,True,[105 108 109],[0.5859375  0.27559054 0.01015228],54,127,21.132511138916016,42.68821716308594,48.45522820912651
247,100,117,0.29998779296875,True,True,True,[29 30],[0.8705036  0.00222717],128,128,29.505596160888672,29.505596160888672,41.09732903454491
248,102,32,inf,False,True,True,[75 76],[0.74666667 0.1554054 ],38,146,9.427393913269043,29.5875244140625,47.55544381383715
249,102,53,0.29998779296875,True,True,True,[21],[0.9223301],98,98,21.92649269104004,21.92649269104004,23.710947080374876
250,102,69,0.29998779296875,True,True,True,[81 82],[0.6728972  0.00395883],98,163,23.65705680847168,38.53004455566406,46.64680596411379
251,103,27,1.8248397972415618,True,False,True,[ 9 10],[0.7714286  0.03669725],120,120,33.163143157958984,33.163143157958984,46.936230468146256
252,104,58,0.29998779296875,True,True,True,[92 93],[0.8839286  0.00222346],109,109,29.183393478393555,29.183393478393555,30.78235916065184
253,105,128,inf,False,False,True,[14 13],[0.84774435 0.00202634],106,491,33.25043487548828,142.0921173095703,332.3045061191136
254,106,39,0.29998779296875,True,True,True,[16 19],[8.6134452e-01 2.8669724e-04],155,219,30.431201934814453,42.59495544433594,50.04675060834468
255,106,49,0.2999267578125,True,True,True,[31],[0.74390244],76,76,19.705181121826172,19.705181121826172,23.246954421238787
256,106,60,1.1999969482421875,True,True,True,[28],[0.84158415],47,97,17.63058853149414,32.05239486694336,47.08290160821153
257,106,65,0.29998779296875,True,True,True,[33 34],[0.7765958  0.01339286],85,85,20.447202682495117,20.447202682495117,28.47362577599707
258,106,91,0.3000030517578125,True,True,True,[35 36],[0.78723407 0.00475737],83,83,27.52935028076172,27.52935028076172,43.838907067691466
259,107,31,0.2999267578125,True,False,True,[54],[0.85148513],82,94,20.973243713378906,26.33050537109375,34.45862546908641
260,107,49,0.4242468053627785,True,True,True,[3],[0.86567163],44,61,24.89204978942871,29.474790573120117,35.2553144847053
261,107,66,0.29998779296875,True,True,True,[135 136],[0.49122807 0.14447592],113,113,26.356164932250977,26.356164932250977,29.060191499190655
262,107,141,0.2999267578125,True,True,True,[20 18 19],[0.56462586 0.2        0.01033592],97,128,23.623889923095703,32.851112365722656,44.23708752318404
263,108,46,0.29998779296875,True,True,True,[11],[0.72],60,60,17.096424102783203,17.096424102783203,20.667611499562387
264,109,42,0.29998779296875,True,True,True,[56 57],[0.61764705 0.00854701],60,60,17.657608032226562,17.657608032226562,23.849887033645437
265,110,58,0.3000030517578125,True,True,True,[66],[0.64285713],123,123,25.31139373779297,25.31139373779297,30.2268052503025
266,110,128,inf,False,False,True,[132],[0.18181819],11,11,3.808227062225342,3.808227062225342,45.27777226426007
267,111,38,0.3000030517578125,True,True,True,[24 25],[0.7378049 0.0233463],122,157,27.44442367553711,37.15129089355469,48.78719833056789
268,111,39,0.3000030517578125,True,False,True,[38 74 39],[0.6136364 0.2857143 0.01     ],96,125,26.783756256103516,37.22538375854492,48.79836047315298
269,111,41,inf,False,True,True,[26 27],[0.47413793 0.00696864],160,160,31.820369720458984,31.820369720458984,49.66583039663722
270,111,46,0.29998779296875,True,True,True,[42],[0.67808217],118,118,21.94927215576172,21.94927215576172,30.727493583223545
271,111,60,0.29998779296875,True,True,True,[46],[0.7637795],106,106,25.201858520507812,25.201858520507812,26.842930111309396
272,111,87,inf,False,True,True,[103],[0.73333335],27,27,7.33109712600708,7.33109712600708,7.520795047872937
273,112,19,0.2999267578125,True,True,True,[14 25 15],[0.4964029  0.05141388 0.00833333],27,115,5.926390171051025,29.582489013671875,44.711777324916326
274,112,56,0.29998779296875,True,True,True,[1 2],[0.7411765  0.00718133],133,156,34.20491027832031,40.659820556640625,47.54892983943794
275,112,57,0.2999267578125,True,True,True,[72 73],[0.73255813 0.00457875],80,80,20.970617294311523,20.970617294311523,23.925317337527275
276,113,61,0.29998779296875,True,False,True,[28 29],[0.79268295 0.02307692],76,76,17.696168899536133,17.696168899536133,26.44371382192389
277,113,76,0.29998779296875,True,True,True,[57 58],[0.8068182  0.00115875],140,155,32.117454528808594,37.077510833740234,46.07555073196095
278,114,53,0.29998779296875,True,True,True,[45 48],[8.5555553e-01 5.8979652e-04],172,172,30.605451583862305,30.605451583862305,43.46634930801222
279,114,92,0.29998779296875,True,True,True,[49 50],[0.6896552 0.007034 ],78,78,18.09414291381836,18.09414291381836,23.64323687263564
280,114,115,0.8485151901863922,True,True,True,[121  79],[0.7751938  0.09016393],107,122,31.81920051574707,36.41568374633789,48.80018821062178
281,114,120,0.29999542236328125,True,True,True,[15],[0.8],125,188,28.481176376342773,44.070281982421875,51.65645171755639
282,115,59,0.29998779296875,True,False,True,[45 47],[8.3928573e-01 6.6934404e-04],56,56,19.134050369262695,19.134050369262695,34.131888298943
283,115,73,0.4242683850979975,True,True,True,[28],[0.8176101],136,147,31.965883255004883,35.862693786621094,43.99205613251179
284,115,85,0.29998779296875,True,True,True,[7 8],[0.8220339  0.00168634],90,110,16.6082706451416,21.196210861206055,45.09652912937249
285,116,52,inf,False,False,True,[54 55],[0.77227724 0.10204082],98,98,23.83514976501465,23.83514976501465,36.037946637074896
286,116,53,0.29998779296875,True,True,True,[72 73],[0.89719623 0.00189753],100,100,22.441068649291992,22.441068649291992,23.608522674915896
287,117,54,0.2999267578125,True,True,True,[13 14],[0.76870745 0.00674536],138,138,21.682273864746094,21.682273864746094,27.679502612601038
288,117,57,0.29998779296875,True,True,True,[15 17],[0.7882353  0.00230415],80,80,15.969149589538574,15.969149589538574,26.473061862760407
289,117,65,0.29998779296875,True,False,True,[11 12],[0.84090906 0.0027408 ],123,123,22.775455474853516,22.775455474853516,36.762855052253904
290,118,25,0.300048828125,True,True,True,[21],[0.38235295],101,134,20.68505096435547,29.33535385131836,37.34995130060067
291,118,34,0.29998779296875,True,False,True,[24 25],[8.593750e-01 6.963788e-04],60,60,22.253259658813477,22.253259658813477,41.08095379962683
292,118,69,0.6708476902510648,True,True,True,[70],[0.8782051],128,150,26.288999557495117,34.426849365234375,49.19577969623863
293,119,24,0.29998779296875,True,True,True,[45 46],[0.36       0.00597372],25,25,5.30580472946167,5.30580472946167,9.860118600850395
294,119,44,2.121294448553479,True,True,True,[73 74],[0.7903226 0.0064   ],116,116,23.31243896484375,23.31243896484375,27.942266700554296
295,120,40,0.60009765625,True,False,True,[70 71],[0.4050633  0.00393701],44,44,9.052725791931152,9.052725791931152,44.157410063382045
296,120,146,0.424252200193688,True,True,True,[139 140],[0.7826087  0.00846154],130,130,35.428951263427734,35.428951263427734,40.25632867756832
297,120,170,0.3000030517578125,True,True,True,[141],[0.8695652],194,194,42.15617752075195,42.15617752075195,47.059087551743936
298,121,33,1.374796683346014,True,True,True,[74],[0.8947368],90,90,30.926403045654297,30.926403045654297,41.836493095102156
299,121,39,0.2999267578125,True,True,True,[72 73],[0.699187   0.00536193],162,211,31.515621185302734,43.6995964050293,49.8392531721524
300,121,41,0.300048828125,True,True,True,[86],[0.8956522],109,109,22.76467514038086,22.76467514038086,27.565682057084196
301,121,44,0.29998779296875,True,True,True,[20 26],[8.5542166e-01 1.3993842e-04],76,76,17.615156173706055,17.615156173706055,20.526200337481136
302,121,61,inf,False,False,True,[85 84],[0.55263156 0.25      ],24,35,5.551603317260742,9.03000259399414,34.91704003148164
303,121,80,0.5196381493437988,True,True,True,[27],[0.8701923],193,193,42.851600646972656,42.851600646972656,47.773485290226354
304,122,63,0.4242468053627785,True,True,True,[43 44],[0.36       0.21774194],49,49,13.855274200439453,13.855274200439453,15.180080686796735
305,122,126,0.29999542236328125,True,True,True,[45 46],[0.20149253 0.04740406],131,131,33.59479904174805,33.59479904174805,35.80926898636351
306,123,49,0.3000030517578125,True,True,True,[0 1],[0.773913   0.00716846],102,102,19.614940643310547,19.614940643310547,27.922695196607073
307,124,43,0.300048828125,False,True,True,[102 104],[8.181818e-01 6.131208e-04],91,91,31.288515090942383,31.288515090942383,38.16707634317059
308,124,79,0.29998779296875,True,True,True,[44],[0.75247526],81,81,19.8094482421875,19.8094482421875,25.813114811862704
309,124,82,0.3000030517578125,True,True,True,[112],[0.81860465],191,191,37.1681022644043,37.1681022644043,39.99391197933622
310,125,80,0.29998779296875,True,True,True,[33 35],[0.74496645 0.0021978 ],131,131,28.286510467529297,28.286510467529297,34.106799231291085
311,125,83,0.29998779296875,True,True,True,[108 110],[0.75816995 0.00222788],136,136,28.369346618652344,28.369346618652344,43.72949993315435
312,126,49,0.29998779296875,True,False,True,[12 13],[7.3611110e-01 6.7114097e-04],114,114,24.148948669433594,24.148948669433594,37.77425827097112
313,127,49,0.300048828125,True,True,True,[40 23 41],[0.6608187  0.10429448 0.01511335],141,162,33.9395751953125,41.136444091796875,45.57103158391286
314,127,66,0.3000030517578125,True,True,True,[95],[0.84864867],67,169,12.457955360412598,32.55442810058594,38.602587145448766
315,127,87,0.29998779296875,True,True,True,[121 123],[6.6666669e-01 5.6657224e-04],26,26,13.095037460327148,13.095037460327148,45.57572761581414
316,127,105,0.3000030517578125,True,True,True,[32 35],[0.8        0.00225989],101,112,27.541587829589844,30.965723037719727,40.73853224417034
317,128,39,0.2999267578125,True,True,True,[28],[0.51079136],172,190,24.132282257080078,27.585559844970703,40.864059283586194
318,128,57,0.29998779296875,True,True,True,[71 72],[0.28070176 0.06807512],53,53,15.708807945251465,15.708807945251465,17.71974669175002
319,128,60,0.29998779296875,True,True,True,[73 74],[0.80841124 0.00109349],199,199,31.316381454467773,31.316381454467773,40.43504511544158
320,128,80,0.29999542236328125,True,True,True,[64 65],[0.42647058 0.01748252],43,43,16.563173294067383,16.563173294067383,23.54066340759278
321,129,80,0.2999267578125,True,True,True,[30 31],[0.75       0.05333333],8,36,1.669072151184082,10.571396827697754,23.274997033433173
322,129,95,0.2999267578125,True,False,True,[133 137 136],[6.0869563e-01 2.6086956e-01 4.9950049e-04],26,44,12.155949592590332,19.37948989868164,26.576081290282254
323,129,105,0.9486253967843538,True,True,True,[138],[0.73214287],37,48,7.89200496673584,11.645692825317383,24.81577173078047
324,129,106,0.3000030517578125,True,True,True,[124 125],[0.83760685 0.00831025],74,112,20.244821548461914,29.939430236816406,37.05194639903955
325,130,101,0.2999267578125,True,True,True,[97 98],[0.76237625 0.01644737],92,92,19.771621704101562,19.771621704101562,23.19591778231222
326,132,34,0.2999267578125,False,True,True,[90 91],[0.80124223 0.00154919],140,140,31.148849487304688,31.148849487304688,46.00559299055919
327,132,39,0.3000030517578125,True,False,True,[92 93],[0.6       0.0006435],76,76,18.163124084472656,18.163124084472656,32.68948283081615
328,132,59,0.3000030517578125,True,True,True,[17],[0.8629442],183,183,36.6072998046875,36.6072998046875,41.32246798917422
329,132,76,0.2999267578125,True,False,True,[15 16],[0.6052632  0.03398058],92,92,19.007600784301758,19.007600784301758,32.52994794881455
330,133,46,0.2999267578125,True,True,True,[91 92],[8.4722221e-01 3.7078236e-04],119,135,23.882978439331055,27.593290328979492,34.97629060489322
331,133,51,0.6708476902510648,True,True,True,[42 45],[0.34146342 0.21768707],147,147,29.13028335571289,29.13028335571289,41.6273608550619
332,133,93,0.3000030517578125,True,False,True,[46 47],[0.83040935 0.01264881],165,165,40.236595153808594,40.236595153808594,44.56773049886848
333,133,103,0.2999267578125,True,False,True,[97 99],[8.192771e-01 4.284490e-04],70,70,23.749921798706055,23.749921798706055,31.192125564996868
334,134,35,0.3000030517578125,True,True,True,[63],[0.67261904],107,146,19.9039363861084,34.564453125,41.14106219853948
335,134,58,0.29998779296875,True,True,True,[15 20],[8.8489211e-01 3.4423408e-04],116,131,27.357919692993164,32.5957145690918,40.945494568203564
336,134,84,1.5,True,False,True,[84],[0.92622954],118,118,30.228221893310547,30.228221893310547,38.769254564888
337,135,67,0.29998779296875,True,True,True,[54 55],[0.8495575  0.00233645],83,105,15.446104049682617,22.909616470336914,30.879485348449546
338,135,75,0.29998779296875,True,True,True,[0 1],[0.81595093 0.00546448],62,153,12.47897720336914,36.60977554321289,47.33689789800567
339,135,100,inf,False,False,False,[],[],5,5,0.4856365919113159,0.4856365919113159,36.734878447261764
340,136,86,0.29998779296875,True,False,True,[105],[0.08273381],30,30,6.435145854949951,6.435145854949951,6.451106054577642
341,136,90,0.2999267578125,True,True,True,[84],[0.9047619],120,120,29.6474609375,29.6474609375,39.2931604737845
342,137,86,0.29998779296875,True,False,True,[127 128],[0.84782606 0.01444043],132,132,27.19658088684082,27.19658088684082,38.12940133250256
343,137,96,0.6708340412646067,True,True,True,[30],[0.86938775],190,230,34.73779296875,42.83704376220703,50.336690172594174
344,137,116,0.3000030517578125,True,True,True,[41 24 25 42],[5.0602412e-01 1.9753087e-01 1.7283951e-01 4.9236830e-04],44,80,19.480587005615234,31.772212982177734,42.78630659923101
345,138,31,0.2999267578125,False,True,True,[ 98 101],[7.7083331e-01 2.7533039e-04],111,171,21.7213191986084,37.5526008605957,49.54280306620507
346,139,34,0.29998779296875,False,True,True,[125 128],[8.9115644e-01 2.8595940e-04],142,142,36.80475997924805,36.80475997924805,44.76231156235205
347,139,84,0.29998779296875,True,True,True,[49 48 50],[0.5277778  0.26086956 0.03345725],92,136,18.907506942749023,30.795452117919922,46.14285186108798
348,139,101,0.5196029088876658,True,True,True,[88 95],[0.6147404  0.03364757],446,1107,96.56587982177734,266.12908935546875,344.070309927906
349,140,33,0.29998779296875,True,True,True,[98],[0.83522725],125,166,30.240880966186523,41.04932403564453,44.48789282772578
350,140,44,0.29998779296875,True,True,True,[33 34],[0.6510067  0.04522613],131,131,30.73855209350586,30.73855209350586,44.691081294417444
351,140,74,0.29998779296875,True,True,True,[53 54],[0.7755102  0.03571429],180,180,31.82448959350586,31.82448959350586,36.636006068565365
352,141,55,1.8493009343945161,True,True,True,[10],[0.8606557],39,114,19.467918395996094,38.976463317871094,50.676594367431996
353,141,65,0.2999267578125,True,False,True,[132],[0.02631579],21,21,2.4350733757019043,2.4350733757019043,51.718537647408915
354,141,77,0.3000030517578125,True,True,True,[5 9],[8.3439493e-01 6.9946377e-04],112,148,27.51349639892578,38.08526611328125,40.927443163074884
355,141,84,0.29998779296875,True,True,True,[66 67 71 75],[0.10447761 0.08208955 0.06818182 0.02617647],103,132,18.8919677734375,30.349411010742188,45.21946835230314
356,141,85,0.2999267578125,True,True,True,[78 79],[0.71428573 0.0015983 ],28,62,11.679720878601074,22.692441940307617,26.960337693206345
357,142,35,0.3000030517578125,True,False,True,[112 113],[0.85555553 0.00917431],84,84,22.74095344543457,22.74095344543457,38.814406002709156
358,142,66,0.3000030517578125,True,False,True,[32 33],[0.8264463  0.00109489],96,107,24.946674346923828,28.755573272705078,51.972889095774356
359,142,77,0.3000030517578125,True,True,True,[54],[0.94285715],67,67,18.91454315185547,18.91454315185547,25.54514192933806
360,142,89,0.29999542236328125,True,True,True,[30 31],[0.821192   0.00443131],110,141,22.11918830871582,30.982593536376953,42.63457129819662
361,143,44,0.3000030517578125,True,True,True,[32 33],[0.79452056 0.00110497],130,130,25.359657287597656,25.359657287597656,29.86430844381893
362,144,37,0.29998779296875,False,True,True,[94 97],[0.44444445 0.00301205],43,43,18.81258773803711,18.81258773803711,41.3487240154405
363,144,87,0.3000030517578125,True,True,True,[108],[0.7948718],90,102,21.777652740478516,24.798648834228516,29.77611315669944
364,144,115,0.29998779296875,True,False,True,[110 111],[0.83495146 0.00090293],89,89,24.037071228027344,24.037071228027344,37.96572967148056
365,144,127,0.29998779296875,True,True,True,[76 77],[0.8308824  0.00442478],102,130,25.86414909362793,33.96568298339844,43.68025996819841
366,145,56,0.2999267578125,True,True,True,[22 23],[0.74725276 0.01188119],83,83,21.188232421875,21.188232421875,28.753854385104482
367,145,81,0.29998779296875,True,True,True,[59 60],[0.7878788  0.00596252],50,64,14.460555076599121,19.292028427124023,20.46997968842694
368,145,90,inf,False,True,True,[0],[0.8318584],102,102,31.19947052001953,31.19947052001953,22.03319472317302
369,145,93,0.2999267578125,True,True,True,[24 26],[0.7794118  0.00132837],107,184,17.53179168701172,39.73341751098633,49.37717959144661
370,146,36,0.3000030517578125,True,True,True,[48 49],[8.2352942e-01 3.6023054e-04],104,124,28.01996612548828,33.812313079833984,39.24006549738882
371,146,40,inf,False,False,True,[46],[0.8472222],115,133,21.800092697143555,27.722455978393555,49.11835473096599
372,147,28,0.29998779296875,True,False,True,[37 38],[0.91071427 0.00114613],109,109,25.675479888916016,25.675479888916016,46.012632988799396
373,147,40,0.29998779296875,True,True,True,[16 17],[0.83505154 0.01      ],70,87,25.31487464904785,30.209938049316406,39.85084718047836
374,147,53,0.29998779296875,True,False,True,[35 36],[0.86466163 0.00236967],123,123,28.205615997314453,28.205615997314453,34.67155791723446
375,148,63,0.2999267578125,True,True,True,[27 28],[0.3846154 0.1609756],44,83,7.983508110046387,17.05938148498535,24.867384242347324
376,148,109,0.29998779296875,True,True,True,[121 122],[0.7307692  0.00227273],67,67,17.7890682220459,17.7890682220459,21.800264573427413
377,148,123,0.29998779296875,True,True,True,[119],[0.8736842],86,86,29.02961540222168,29.02961540222168,34.423903575900894
378,150,67,0.3000030517578125,True,True,True,[11 12],[0.78431374 0.00418729],97,97,29.66642951965332,29.66642951965332,38.1589428592134
379,150,77,0.5999755859375,True,True,True,[60],[0.90839696],105,126,27.332326889038086,33.12677001953125,40.392078517149386
380,151,27,0.2999267578125,False,True,True,[35 37],[0.8857143 0.0021164],102,102,24.48433494567871,24.48433494567871,31.976203458333526
381,151,28,0.3000030517578125,True,True,True,[38 39],[6.500000e-01 5.586592e-04],20,20,7.578887939453125,7.578887939453125,10.168045713374223
382,151,95,0.2999267578125,True,True,True,[31 32],[0.84210527 0.00453172],186,198,36.581382751464844,40.35491180419922,49.907385693483945
383,151,96,0.2999267578125,True,True,True,[87],[0.7380952],106,106,21.721454620361328,21.721454620361328,26.331819541353536
384,152,36,0.2999267578125,True,False,True,[119],[0.03389831],14,27,3.121856451034546,5.749804496765137,36.23189617244384
385,152,64,0.29998779296875,True,True,True,[28 30],[0.75       0.00244598],58,58,13.859160423278809,13.859160423278809,24.625611005639083
386,152,67,0.4242575950931961,True,False,True,[31 33],[0.7580645  0.00114778],55,55,10.061637878417969,10.061637878417969,32.985605297295045
387,153,93,0.29998779296875,True,True,True,[87 94],[8.6363637e-01 2.1349273e-04],86,86,26.20510482788086,26.20510482788086,30.42180696891054
388,153,140,0.29998779296875,True,True,True,[175 176],[0.7986577  0.00309598],44,134,10.126747131347656,34.118499755859375,48.12309777640396
389,153,201,0.3000030517578125,True,True,True,[0 1],[7.4850297e-01 5.9630291e-04],137,150,31.211116790771484,34.553504943847656,42.51162947534984
390,153,209,0.29998779296875,True,True,True,[177 179],[0.90434784 0.00341297],84,112,25.180387496948242,32.51908874511719,42.50824201653241
391,154,44,0.899993896484375,True,True,True,[0 1],[0.6363636  0.02005013],74,74,30.36751937866211,30.36751937866211,42.28865200063969
392,154,50,inf,False,False,True,[6],[0.6976744],65,65,21.568143844604492,21.568143844604492,29.064054444126143
393,154,55,0.29998779296875,True,True,True,[18 19],[0.75       0.01197605],19,19,5.310987949371338,5.310987949371338,36.70732636060235
394,155,71,0.300048828125,True,True,True,[73],[0.7870968],133,133,23.40478515625,23.40478515625,29.139281954851587
395,156,26,0.2999267578125,False,True,True,[16],[0.00172117],6,6,0.37245064973831177,0.37245064973831177,0.6258688410658009
396,156,27,inf,False,True,True,[15 16],[0.73493975 0.00324675],58,78,11.065299034118652,18.13017463684082,25.918166093364725
397,156,40,inf,False,False,True,[88 89],[0.25       0.03680982],16,16,7.2207159996032715,7.2207159996032715,36.33043387740183
398,156,51,0.3000030517578125,True,True,True,[26 28],[0.76859504 0.00087146],56,114,15.914337158203125,30.957761764526367,35.53553285731314
399,156,57,0.2999267578125,True,True,True,[90 91],[0.85795456 0.00634006],170,170,35.82574462890625,35.82574462890625,45.35826854336632
400,156,61,0.29998779296875,True,True,True,[29],[0.7886179],109,109,31.877853393554688,31.877853393554688,40.06106623449197
401,158,52,0.29998779296875,True,True,True,[18 19],[0.8962963  0.02140673],129,129,28.532329559326172,28.532329559326172,38.15203624108961
402,158,58,0.2999267578125,True,True,True,[16 17],[0.89915967 0.0010661 ],89,115,21.892072677612305,29.726430892944336,39.023307172570334
403,159,29,1.0816213695621038,True,True,True,[36 41],[0.733871   0.00655022],91,115,16.21441078186035,22.406787872314453,27.97658588989183
404,159,31,0.29998779296875,True,True,True,[37 42],[8.6813188e-01 6.7681895e-04],171,171,37.08473587036133,37.08473587036133,38.76900969316853
405,159,47,0.6707930974982584,True,False,True,[34],[0.8518519],110,123,29.028926849365234,32.58312225341797,37.69260726325635
406,159,72,inf,False,True,True,[43],[0.8518519],77,77,19.247337341308594,19.247337341308594,32.68906009940426
407,159,73,1.5,True,True,True,[10],[0.94],98,98,26.334503173828125,26.334503173828125,30.064434106004263
408,159,90,0.29998779296875,True,True,True,[8],[0.8689655],134,134,29.871627807617188,29.871627807617188,37.286142592120946
409,160,33,0.300048828125,True,True,True,[58 60],[0.8811881  0.00293255],98,98,21.519376754760742,21.519376754760742,29.015987857272357
410,160,39,0.29998779296875,True,True,True,[133 134],[0.11538462 0.01766004],78,78,23.98700714111328,23.98700714111328,31.488902313184443
411,160,102,0.3000030517578125,True,True,True,[53],[0.82198954],173,173,35.22966766357422,35.22966766357422,40.1845384598937
412,161,37,0.3000030517578125,True,False,True,[85 86],[0.84810126 0.00345722],73,73,19.21822738647461,19.21822738647461,35.74357872414534
413,161,52,0.29998779296875,True,True,True,[82],[0.73333335],2,27,0.30038687586784363,8.254733085632324,14.783953125649738
414,161,81,0.29998779296875,True,True,True,[39],[0.05140187],25,25,6.059786796569824,6.059786796569824,11.87550417852334
415,161,82,0.300018310546875,True,False,True,[80 81],[0.72105265 0.00393701],159,159,32.921173095703125,32.921173095703125,43.83313898709388
416,161,98,0.29998779296875,True,False,True,[2 4],[0.861244   0.00476569],125,197,22.21283721923828,39.9150505065918,48.60668100247816
417,161,104,0.29998779296875,True,True,True,[0 1],[0.81       0.00292826],68,94,15.671475410461426,20.600473403930664,29.985237209112718
418,162,21,0.29998779296875,False,False,True,[61 62],[0.8701299 0.0034904],74,74,25.414649963378906,25.414649963378906,36.98311133859571
419,162,23,0.29999542236328125,True,True,True,[0],[0.7821782],53,96,13.051148414611816,24.971466064453125,39.771630620266095
420,162,32,0.300048828125,True,True,True,[35],[0.7972028],89,122,22.216665267944336,35.88706970214844,47.00905460511996
421,162,51,0.29998779296875,True,True,True,[64 65],[0.8446602 0.0077951],194,194,42.69466018676758,42.69466018676758,46.50182399069042
422,163,25,0.2999267578125,True,False,True,[ 7 11],[0.9047619  0.02469136],68,81,27.157014846801758,31.294361114501953,39.816144706615596
423,163,26,0.29998779296875,True,True,True,[8 9],[8.153846e-01 5.083884e-04],162,181,30.135074615478516,35.28179931640625,40.42124052407649
424,163,27,0.2999267578125,True,True,True,[12 13],[0.575      0.00673779],45,70,10.19801139831543,19.459348678588867,33.26499031574162
425,163,71,0.29998779296875,True,True,True,[20 21],[0.796748   0.00934579],85,118,25.088354110717773,34.97158432006836,43.43203261970462
426,163,97,0.2999267578125,True,True,True,[103 104],[0.8175676  0.00199601],103,133,22.30838394165039,30.3262939453125,36.798633518742164
427,165,24,0.29998779296875,False,True,True,[2 3],[0.7894737  0.00180668],70,70,17.243314743041992,17.243314743041992,20.117524148107293
428,165,26,0.29998779296875,True,True,True,[84],[0.47297296],34,47,5.334898948669434,10.078869819641113,24.726180516653603
429,165,41,0.2999267578125,True,True,True,[21 22],[0.66292137 0.00462695],70,80,22.402578353881836,24.579421997070312,32.76041010509555
430,165,55,0.29998779296875,True,True,True,[80 83],[0.8366013  0.00254669],118,149,29.42608070373535,36.51865005493164,40.46356962470734
431,166,39,0.3000030517578125,True,True,True,[35 36],[0.8039216  0.00252845],70,93,16.56541633605957,22.54285430908203,24.043628783422424
432,166,45,0.29998779296875,True,True,True,[0 2 1],[0.6372549  0.11702128 0.0127551 ],56,94,18.474510192871094,30.174699783325195,43.500453166465235
433,166,100,0.2999267578125,True,True,True,[141  80 142],[0.6666667  0.03797468 0.00221976],70,70,19.913028717041016,19.913028717041016,30.93582589152701
434,167,37,0.42421444001344266,True,False,True,[17],[0.8134328],44,123,9.141877174377441,32.39527893066406,36.25312793697829
435,167,58,0.29998779296875,True,True,True,[7 8],[0.825      0.00782779],101,147,19.955936431884766,35.174896240234375,51.83626593256659
436,167,84,0.3000030517578125,True,True,True,[77 76 63 78],[0.28865978 0.185567   0.01676529 0.00083472],75,96,23.29928970336914,27.850671768188477,38.25099598765368
437,168,34,0.29999542236328125,True,True,True,[10 11],[0.6315789  0.02868852],30,76,8.815406799316406,26.326452255249023,35.90192237690802
438,168,50,0.300048828125,True,True,True,[43],[0.8],37,37,13.542244911193848,13.542244911193848,15.034669768301727
439,168,67,0.3000030517578125,True,True,True,[96],[0.8730159],58,58,12.843842506408691,12.843842506408691,15.65644991881477
440,169,49,0.2999267578125,True,True,True,[42 43],[0.8030303  0.00481928],96,129,22.17901611328125,31.579025268554688,48.158842484372656
441,169,57,0.29998779296875,True,False,True,[44  7 45],[0.5645161  0.296      0.00618557],79,120,15.54240608215332,29.555686950683594,35.52866493959128
442,169,69,1.2369146640277076,True,True,True,[19],[0.85555553],141,175,30.43951416015625,41.37457275390625,45.989212256284816
443,169,73,0.29998779296875,True,True,True,[98],[0.8974359],73,73,25.661895751953125,25.661895751953125,39.60252326795287
444,169,97,0.3000030517578125,True,True,True,[84],[0.7894737],108,122,22.674762725830078,25.855350494384766,29.70215012412674
445,169,119,0.29998779296875,True,True,True,[ 96 131  97],[0.775641   0.02112676 0.00225564],129,141,22.617664337158203,27.816068649291992,36.976685556175475
446,170,55,0.3000030517578125,True,True,True,[48 50 49],[0.71428573 0.04347826 0.00179426],68,68,29.007457733154297,29.007457733154297,36.60677412031288
447,170,83,0.29998779296875,True,False,True,[68],[0.00471698],14,14,2.733231782913208,2.733231782913208,24.744092253831962
448,170,89,0.29998779296875,True,True,True,[36 37],[0.66086954 0.01653696],65,110,11.474424362182617,23.709848403930664,36.99257899259359
449,171,59,0.2999267578125,True,False,True,[2 3],[0.8502994  0.00364299],105,157,18.219993591308594,31.808101654052734,43.33593745001458
450,171,80,0.29998779296875,True,True,True,[75 76],[0.8301887  0.00391389],51,51,13.968559265136719,13.968559265136719,18.358589377470466
451,171,86,0.29998779296875,True,True,True,[ 9 11],[0.7017544  0.00281558],51,51,10.907081604003906,10.907081604003906,26.824019948146674
452,172,47,0.29998779296875,True,True,True,[20 19 21],[0.5862069  0.16666667 0.00355872],29,29,9.194477081298828,9.194477081298828,52.51295509884154
453,172,65,0.29998779296875,True,True,True,[100],[0.8939394],64,64,9.787087440490723,9.787087440490723,16.47168320524038
454,172,66,0.29998779296875,True,True,True,[76],[0.7621359],43,184,9.532625198364258,36.123138427734375,44.43571630924082
455,172,67,0.2999267578125,True,True,True,[115],[0.04423749],46,46,19.045568466186523,19.045568466186523,29.794681784683895
456,173,37,inf,False,False,True,[23],[0.7364341],74,112,19.960527420043945,31.67675018310547,47.10425985956821
457,173,72,1.20001220703125,True,True,True,[88 91],[0.64028776 0.16153847],23,128,9.180225372314453,39.886287689208984,47.26499384880291
458,173,85,0.600006103515625,True,True,True,[6],[0.82312924],103,131,32.8366813659668,46.549530029296875,50.773090227820596
459,174,82,0.4242036491853643,True,False,True,[68 67],[0.41843972 0.07894737],108,108,23.327348709106445,23.327348709106445,30.856950202688726
460,176,82,0.29998779296875,True,True,True,[64 65],[0.89171976 0.00277521],123,151,30.878150939941406,39.21312713623047,45.82069695672752
461,177,49,0.3000030517578125,True,True,True,[75 79],[0.77472526 0.00516693],170,170,34.211002349853516,34.211002349853516,39.249726354898684
462,177,65,0.29998779296875,True,True,True,[11 12],[0.8488372  0.00406504],84,84,28.263456344604492,28.263456344604492,32.82188815679548
463,177,66,inf,False,False,True,[13 14],[0.8358209  0.10958904],65,65,22.554668426513672,22.554668426513672,23.81819717524616
